sample,chrom,start,length_bp,cn_state,end
S076,chr10,30982063,541329,3,31523392
S040,chr10,32403077,463890,3,32866967
S157,chr8,29368945,1327440,3,30696385
S210,chr1,33206078,647649,1,33853727
S215,chr5,39731539,914161,3,40645700
S009,chr3,10702000,277723,1,10979723
S115,chr2,9325410,1094116,0,10419526
S052,chr7,3316439,310109,3,3626548
S066,chr1,27562170,1158085,3,28720255
S044,chr3,34023200,1442227,4,35465427
S187,chr9,35910802,1387769,3,37298571
S057,chr3,37531372,846561,3,38377933
S107,chr3,24728739,237215,4,24965954
S195,chr9,8713495,611636,1,9325131
S012,chr9,26299324,201649,3,26500973
S109,chr8,28786766,1476169,3,30262935
S029,chr8,3613523,190780,3,3804303
S026,chr4,12803723,1368405,1,14172128
S210,chr4,10026198,1295354,3,11321552
S118,chr5,35980136,988657,3,36968793
S036,chr10,26854970,1011917,3,27866887
S161,chr10,4135017,262199,1,4397216
S193,chr2,5610838,1401009,4,7011847
S060,chr9,7245046,549005,3,7794051
S195,chr3,15371341,101227,1,15472568
S101,chr8,23833666,94355,3,23928021
S100,chr8,25010397,1091832,3,26102229
S208,chr1,1516779,349141,3,1865920
S051,chr1,31010223,1082148,1,32092371
S196,chr1,39781723,919521,3,40701244
S208,chr7,16599624,423911,3,17023535
S142,chr4,25070031,1471982,1,26542013
S121,chr2,11985141,442093,3,12427234
S184,chr7,6726514,283717,3,7010231
S211,chr2,14134816,394030,3,14528846
S059,chr10,12618181,403668,3,13021849
S004,chr3,22461740,1201238,3,23662978
S084,chr3,29184970,945284,3,30130254
S042,chr3,18709813,1307666,3,20017479
S186,chr6,18190429,760639,3,18951068
S017,chr8,6758612,136035,1,6894647
S101,chr4,2335219,387305,3,2722524
S166,chr1,23214577,1441402,0,24655979
S184,chr10,7877778,749589,3,8627367
S201,chr5,18922129,1264805,3,20186934
S026,chr8,9575061,379827,3,9954888
S124,chr2,36914162,1288603,3,38202765
S073,chr7,26118028,277798,1,26395826
S161,chr6,4733174,1352870,3,6086044
S186,chr6,16904150,1308207,3,18212357
S214,chr6,26749444,1444169,3,28193613
S127,chr1,22871858,962745,1,23834603
S094,chr7,10765673,865210,3,11630883
S164,chr5,28105985,981440,0,29087425
S099,chr8,9885476,964797,4,10850273
S058,chr6,19191025,961010,1,20152035
S165,chr6,20215025,97713,4,20312738
S203,chr10,16873658,570262,3,17443920
S154,chr9,7405360,179998,3,7585358
S052,chr10,34954186,1309391,3,36263577
S179,chr6,30155852,56401,3,30212253
S111,chr6,9885435,1038834,1,10924269
S122,chr10,37638505,1167773,3,38806278
S060,chr2,26570123,1100507,3,27670630
S122,chr1,36234166,953794,3,37187960
S213,chr10,27531654,1393998,1,28925652
S020,chr1,3823385,1313315,3,5136700
S138,chr10,28525617,786629,3,29312246
S088,chr1,3345112,66584,3,3411696
S168,chr4,1922877,1292406,0,3215283
S053,chr7,2586090,969162,1,3555252
S058,chr5,25030738,1251264,3,26282002
S130,chr2,22861956,694343,4,23556299
S171,chr8,2232829,1075891,3,3308720
S026,chr8,6856315,927178,0,7783493
S147,chr9,30133064,534044,3,30667108
S084,chr10,4166039,633752,1,4799791
S074,chr5,19719932,500417,3,20220349
S132,chr9,19115262,1472989,3,20588251
S025,chr8,25836343,866473,3,26702816
S031,chr8,38092469,180751,1,38273220
S132,chr5,20373203,1045893,0,21419096
S110,chr9,7499875,727490,3,8227365
S186,chr10,19322845,266072,3,19588917
S094,chr7,20303484,1123677,3,21427161
S111,chr7,30290432,217229,3,30507661
S214,chr4,27688696,1028130,1,28716826
S175,chr7,19065899,670854,3,19736753
S083,chr7,26624591,761221,3,27385812
S085,chr5,32783040,1299903,3,34082943
S106,chr5,5794161,170495,3,5964656
S126,chr6,21151665,897302,4,22048967
S001,chr1,24664853,510746,3,25175599
S116,chr7,30233514,424560,3,30658074
S146,chr10,4089659,1096335,3,5185994
S050,chr2,4768976,1246399,3,6015375
S074,chr5,32764141,905687,1,33669828
S046,chr3,25227554,776139,3,26003693
S012,chr1,32690904,1339369,1,34030273
S051,chr9,13150501,140024,3,13290525
S079,chr7,36725956,518399,1,37244355
S082,chr1,37490145,308628,3,37798773
S028,chr9,23633102,449740,1,24082842
S216,chr10,39309208,630908,1,39940116
S203,chr7,39724005,1311992,4,41035997
S043,chr1,12918325,620609,3,13538934
S139,chr9,9618428,315635,0,9934063
S130,chr3,36228911,204728,3,36433639
S130,chr4,9545128,342663,3,9887791
S138,chr10,24637496,314445,0,24951941
S134,chr7,29353821,1375802,3,30729623
S006,chr10,22306857,825882,0,23132739
S069,chr9,38789487,1125811,3,39915298
S170,chr1,3258661,327459,3,3586120
S038,chr10,34096996,291335,3,34388331
S007,chr10,19893130,57150,0,19950280
S036,chr2,9949468,1296037,3,11245505
S036,chr9,37916480,790105,3,38706585
S188,chr5,20265458,252430,3,20517888
S188,chr1,8959112,241744,1,9200856
S052,chr10,1415251,519619,3,1934870
S101,chr3,22345586,67317,3,22412903
S069,chr8,31846333,549314,3,32395647
S158,chr1,13401504,1096713,3,14498217
S211,chr9,37108323,524249,1,37632572
S172,chr4,25707989,605248,3,26313237
S171,chr10,6902551,952713,1,7855264
S218,chr3,35991863,530725,3,36522588
S018,chr2,37619821,1327446,0,38947267
S129,chr5,4959418,289236,1,5248654
S161,chr2,31081216,237328,3,31318544
S070,chr2,2044567,671378,4,2715945
S215,chr2,37514445,656376,0,38170821
S122,chr3,17528594,1379920,1,18908514
S194,chr7,34902328,543870,0,35446198
S190,chr10,13851082,873175,1,14724257
S076,chr7,22823278,869419,1,23692697
S004,chr6,36746068,1329525,1,38075593
S116,chr6,1502814,1489231,1,2992045
S188,chr1,10602870,332358,3,10935228
S156,chr4,35343052,1238920,1,36581972
S116,chr4,26402247,1094001,3,27496248
S123,chr1,6934247,904984,4,7839231
S094,chr7,33178355,833911,4,34012266
S149,chr2,9557966,458287,1,10016253
S214,chr2,32375977,1050692,3,33426669
S204,chr4,15165266,312463,1,15477729
S195,chr1,30605448,1237293,3,31842741
S138,chr4,36261677,1212075,1,37473752
S169,chr10,15445889,142775,3,15588664
S017,chr2,1551003,65426,3,1616429
S188,chr8,18537154,1358344,1,19895498
S148,chr1,18284165,1010038,3,19294203
S183,chr2,19123980,791122,3,19915102
S142,chr1,37232173,156327,3,37388500
S082,chr7,33151199,924120,3,34075319
S217,chr5,34211379,258517,3,34469896
S082,chr7,38234229,344787,3,38579016
S050,chr9,8206190,1192066,3,9398256
S164,chr6,13139560,1299761,3,14439321
S171,chr10,18948337,261192,3,19209529
S057,chr9,27520021,341115,3,27861136
S062,chr8,3855355,935440,3,4790795
S119,chr3,32584333,109954,3,32694287
S194,chr1,24461172,287909,1,24749081
S059,chr5,34415727,1047434,0,35463161
S141,chr2,1687831,685873,1,2373704
S161,chr9,13361765,1151678,3,14513443
S054,chr7,15949175,859356,3,16808531
S134,chr2,26249594,529573,3,26779167
S144,chr1,5626543,1447520,3,7074063
S195,chr1,23415700,174704,3,23590404
S152,chr8,38285797,859239,3,39145036
S128,chr1,37056846,509270,3,37566116
S056,chr5,15974982,246842,3,16221824
S112,chr2,8097442,185764,3,8283206
S188,chr5,28332123,658776,1,28990899
S220,chr10,23646853,447659,3,24094512
S113,chr1,35818061,742690,1,36560751
S074,chr6,32655299,702352,3,33357651
S136,chr2,28668038,1091713,1,29759751
S097,chr10,9821840,1136266,3,10958106
S109,chr4,11251232,547364,3,11798596
S143,chr5,22810305,468577,1,23278882
S219,chr2,9135851,69419,3,9205270
S077,chr9,29557051,534118,3,30091169
S154,chr3,16824619,851596,1,17676215
S166,chr4,30870207,840130,1,31710337
S173,chr8,20252294,317943,3,20570237
S072,chr10,33006718,619452,3,33626170
S002,chr6,28541550,1195950,3,29737500
S071,chr5,30951014,820479,3,31771493
S067,chr1,1996228,1453473,3,3449701
S059,chr2,11619765,1250690,3,12870455
S008,chr8,24185214,1116795,3,25302009
S001,chr10,9759996,713845,1,10473841
S015,chr6,39375275,898824,3,40274099
S179,chr3,10239112,113650,4,10352762
S036,chr8,30277261,653109,1,30930370
S113,chr10,7160313,501910,0,7662223
S164,chr6,13377199,960335,3,14337534
S204,chr1,7610028,946346,3,8556374
S176,chr4,16498521,454358,3,16952879
S020,chr2,18611943,245127,3,18857070
S123,chr8,14897668,266301,3,15163969
S066,chr6,33219358,608811,1,33828169
S185,chr2,11096442,105730,3,11202172
S082,chr10,19362682,707640,3,20070322
S005,chr1,21665691,1202689,1,22868380
S075,chr1,16063792,1426527,0,17490319
S102,chr9,11993457,985247,1,12978704
S142,chr8,7420474,840215,4,8260689
S032,chr1,7154971,448494,3,7603465
S197,chr9,36831060,771416,1,37602476
S102,chr1,27277499,693110,3,27970609
S192,chr2,36716583,196263,1,36912846
S065,chr8,37020707,979333,1,38000040
S078,chr2,7435079,670798,3,8105877
S141,chr2,10854676,1035547,1,11890223
S075,chr1,33322459,444027,3,33766486
S104,chr2,12801243,474923,0,13276166
S137,chr4,30616677,887730,0,31504407
S173,chr7,25686740,190288,0,25877028
S059,chr4,9854444,374898,0,10229342
S155,chr6,18028385,1477986,3,19506371
S140,chr4,25895355,664319,0,26559674
S197,chr7,36788549,791455,1,37580004
S197,chr10,26215646,1186464,3,27402110
S120,chr7,6452896,922013,3,7374909
S093,chr10,17336392,771778,3,18108170
S150,chr6,36854978,440533,3,37295511
S078,chr9,20254227,229954,0,20484181
S021,chr1,12741723,1479749,3,14221472
S160,chr10,29358926,702367,3,30061293
S095,chr7,35844197,1125828,1,36970025
S196,chr10,17998422,1249440,0,19247862
S004,chr1,24485262,1482413,3,25967675
S035,chr5,15595750,379064,1,15974814
S130,chr10,31165086,1025447,4,32190533
S112,chr9,24533706,249121,3,24782827
S045,chr4,5518148,743716,3,6261864
S164,chr9,9533527,1004202,3,10537729
S036,chr9,29094566,135784,1,29230350
S116,chr2,13316200,458741,3,13774941
S090,chr6,8531358,1057649,4,9589007
S141,chr4,23281637,377808,3,23659445
S084,chr10,24711086,587287,3,25298373
S011,chr6,10765487,1002148,1,11767635
S131,chr5,3825156,612557,3,4437713
S015,chr3,34348185,837166,3,35185351
S091,chr7,34567561,757892,1,35325453
S114,chr2,13210668,967774,3,14178442
S206,chr4,19530789,459840,3,19990629
S158,chr7,32860358,690602,3,33550960
S174,chr1,6166491,1395519,1,7562010
S138,chr8,4304628,61062,3,4365690
S158,chr4,14527374,506133,3,15033507
S053,chr1,6345103,1319516,3,7664619
S217,chr3,24758402,1312846,1,26071248
S147,chr7,21860591,778338,3,22638929
S011,chr2,8635331,1307685,3,9943016
S212,chr7,29192080,241288,1,29433368
S112,chr8,33118170,596641,3,33714811
S038,chr3,21712428,1083905,4,22796333
S049,chr10,10675461,1209798,3,11885259
S205,chr6,15953002,705165,1,16658167
S183,chr9,33409869,324495,3,33734364
S135,chr6,19691549,360923,3,20052472
S113,chr10,1467832,1311622,3,2779454
S163,chr10,7970297,1242040,1,9212337
S064,chr9,10795467,761316,4,11556783
S153,chr9,28394240,1399330,1,29793570
S034,chr7,21679319,133867,4,21813186
S173,chr10,37026475,962892,4,37989367
S081,chr4,19782076,960756,3,20742832
S216,chr2,24344519,799390,3,25143909
S081,chr2,33044661,1080235,3,34124896
S167,chr8,38789995,999196,3,39789191
S136,chr2,31258201,1006722,3,32264923
S089,chr4,11250170,611279,1,11861449
S014,chr1,32797427,991544,3,33788971
S160,chr10,28175405,231066,3,28406471
S209,chr1,27691372,525659,3,28217031
S186,chr2,4947627,788788,1,5736415
S200,chr4,35146238,104811,1,35251049
S019,chr10,13056433,893134,1,13949567
S148,chr3,11404091,692443,3,12096534
S057,chr1,19639971,1268674,3,20908645
S188,chr5,14664782,141519,1,14806301
S168,chr9,7911814,1131615,3,9043429
S040,chr3,9117166,570361,3,9687527
S064,chr7,14001702,1170232,4,15171934
S057,chr6,34458639,1317206,3,35775845
S065,chr8,23024575,1457972,3,24482547
S083,chr3,35903613,986383,1,36889996
S187,chr9,13391955,747360,3,14139315
S208,chr9,31861482,147677,3,32009159
S185,chr10,17286685,734275,3,18020960
S180,chr2,6336215,1200373,4,7536588
S036,chr6,5271804,902395,3,6174199
S203,chr2,4719337,1255229,3,5974566
S208,chr3,21563176,877143,1,22440319
S084,chr5,29710634,106939,3,29817573
S148,chr1,8130552,1305906,3,9436458
S182,chr10,24542678,929992,3,25472670
S189,chr2,32289187,1011737,3,33300924
S145,chr1,1318819,174155,1,1492974
S136,chr2,31981565,469994,4,32451559
S040,chr3,12317388,181802,1,12499190
S220,chr9,37778797,472481,4,38251278
S132,chr10,16512578,398986,4,16911564
S056,chr7,14045581,886274,3,14931855
S066,chr5,33959438,579748,1,34539186
S133,chr5,37917948,552244,1,38470192
S112,chr8,30355800,1410986,3,31766786
S177,chr5,23262602,565248,3,23827850
S188,chr3,39999140,1264881,1,41264021
S031,chr4,36169015,1117014,3,37286029
S056,chr10,9527973,1145925,1,10673898
S098,chr5,13145403,223272,1,13368675
S043,chr8,7082517,677685,1,7760202
S163,chr1,26821410,1394575,0,28215985
S187,chr6,23863137,858330,0,24721467
S093,chr1,31833637,780355,3,32613992
S180,chr9,9172889,1045098,3,10217987
S094,chr3,13192448,576406,3,13768854
S138,chr5,38783368,774653,0,39558021
S195,chr9,35213688,1457032,3,36670720
S035,chr3,28030051,1028193,1,29058244
S215,chr10,23065459,380657,3,23446116
S121,chr1,36097173,816219,3,36913392
S210,chr10,39085434,1369284,1,40454718
S011,chr7,32372571,1036043,3,33408614
S146,chr4,3232639,187674,3,3420313
S167,chr1,28081790,383014,0,28464804
S193,chr6,8740751,978425,1,9719176
S122,chr6,37935875,1259158,3,39195033
S128,chr8,15180633,1260642,1,16441275
S093,chr4,22192100,602856,0,22794956
S052,chr9,8833135,418651,3,9251786
S016,chr8,36171443,1218192,1,37389635
S187,chr10,38201337,363768,1,38565105
S179,chr1,8515491,1457465,3,9972956
S120,chr1,35552971,159062,1,35712033
S054,chr5,15264292,1255129,3,16519421
S180,chr3,29677236,1324280,3,31001516
S129,chr7,23841611,1394836,4,25236447
S103,chr4,5069950,898995,3,5968945
S112,chr6,38328734,433866,0,38762600
S168,chr10,24829589,887709,3,25717298
S144,chr4,5972673,479873,3,6452546
S194,chr5,33189881,210629,3,33400510
S070,chr3,39324551,209743,1,39534294
S112,chr8,5097449,610395,3,5707844
S147,chr3,5728776,509700,3,6238476
S043,chr4,2449951,1225827,3,3675778
S059,chr8,20900818,504230,1,21405048
S038,chr5,3416580,1253107,3,4669687
S094,chr4,11185349,1056255,3,12241604
S153,chr6,15937879,1081137,3,17019016
S204,chr4,5194643,1032992,1,6227635
S114,chr4,39229625,1050004,3,40279629
S126,chr10,26144763,940476,0,27085239
S193,chr4,38722078,1042078,3,39764156
S151,chr9,23661977,1289015,1,24950992
S126,chr5,6406983,636801,0,7043784
S147,chr3,23315833,273023,3,23588856
S073,chr8,19404152,996275,1,20400427
S186,chr8,29974616,929309,1,30903925
S196,chr9,30375039,1497059,0,31872098
S207,chr4,27394476,801857,0,28196333
S217,chr1,8842591,1186819,1,10029410
S186,chr7,26110828,450131,0,26560959
S075,chr9,6021418,138798,3,6160216
S169,chr2,7624522,982273,3,8606795
S148,chr4,36784463,672781,3,37457244
S195,chr7,8891486,643680,3,9535166
S088,chr2,6852090,1454219,3,8306309
S100,chr2,4691416,1039849,3,5731265
S104,chr7,31114127,503347,3,31617474
S100,chr10,19783717,207208,3,19990925
S047,chr3,39238641,1474942,3,40713583
S131,chr6,21634886,1317041,0,22951927
S046,chr10,34701270,736590,1,35437860
S025,chr9,17812284,419085,1,18231369
S010,chr2,15183321,1280491,3,16463812
S118,chr10,1264391,674080,3,1938471
S196,chr3,9270143,1153264,3,10423407
S139,chr1,20848434,1145749,1,21994183
S013,chr7,11326134,1255068,1,12581202
S220,chr4,35932090,853887,3,36785977
S146,chr6,14176029,411559,4,14587588
S214,chr6,22949673,416848,1,23366521
S040,chr2,10058069,734631,3,10792700
S187,chr9,36035307,1472021,3,37507328
S220,chr5,17111356,1478409,0,18589765
S097,chr3,3557425,503239,3,4060664
S065,chr9,26214058,295511,3,26509569
S085,chr2,39978863,378654,3,40357517
S057,chr9,32880378,212506,1,33092884
S098,chr1,16271319,1066836,3,17338155
S075,chr4,21149412,940283,3,22089695
S024,chr3,4845626,1310527,4,6156153
S104,chr7,11423378,1192270,1,12615648
S142,chr10,31226335,1483304,3,32709639
S026,chr2,14206220,144008,0,14350228
S198,chr5,17635185,1353731,4,18988916
S035,chr5,36951679,946798,0,37898477
S182,chr7,11607549,675606,0,12283155
S200,chr5,39368713,1454893,1,40823606
S156,chr7,34676293,1139578,4,35815871
S213,chr1,22254053,1364746,3,23618799
S154,chr1,6718680,752076,3,7470756
S186,chr10,24729690,393734,1,25123424
S088,chr3,21557813,223290,1,21781103
S213,chr4,11021470,617778,3,11639248
S177,chr5,18667696,876797,3,19544493
S122,chr4,12032631,1199772,3,13232403
S069,chr4,8197464,1423370,3,9620834
S104,chr3,7067308,1345355,1,8412663
S104,chr3,7445768,65257,3,7511025
S058,chr6,26967185,143861,4,27111046
S005,chr8,37983667,1059358,1,39043025
S036,chr7,13823443,651421,3,14474864
S179,chr5,26769147,872877,3,27642024
S047,chr6,2681266,267902,4,2949168
S087,chr6,12379134,812210,1,13191344
S189,chr8,36882892,1413877,3,38296769
S107,chr3,5052503,1193975,4,6246478
S184,chr9,21581402,1005353,1,22586755
S012,chr7,33646526,128687,1,33775213
S039,chr8,24608716,90139,3,24698855
S083,chr10,1234958,844016,1,2078974
S189,chr8,26977074,587887,1,27564961
S052,chr7,21797297,1466103,3,23263400
S023,chr8,21105402,505233,3,21610635
S076,chr2,26958252,796017,3,27754269
S129,chr3,2180250,626640,1,2806890
S012,chr4,2501601,1492552,3,3994153
S051,chr8,15036315,654232,3,15690547
S078,chr5,37314719,682015,1,37996734
S026,chr2,30739229,372266,3,31111495
S120,chr4,1480890,199267,1,1680157
S149,chr1,21116587,931298,3,22047885
S184,chr1,39036826,903478,0,39940304
S018,chr4,16589872,397716,1,16987588
S082,chr6,31104745,479102,3,31583847
S069,chr9,11492473,270168,3,11762641
S167,chr3,9891595,130514,1,10022109
S032,chr10,10724284,558401,3,11282685
S029,chr2,5637486,756871,3,6394357
S112,chr3,33853281,1262797,3,35116078
S103,chr10,38703511,786637,3,39490148
S050,chr4,12938465,1115469,1,14053934
S168,chr1,26847008,843012,1,27690020
S083,chr5,14730360,1100441,3,15830801
S142,chr6,31904987,1185563,3,33090550
S200,chr9,38550001,1208203,3,39758204
S165,chr2,22276086,252664,4,22528750
S133,chr9,1179985,203563,0,1383548
S136,chr4,39215072,1219306,3,40434378
S092,chr3,18168477,1380894,0,19549371
S025,chr3,11557753,722392,0,12280145
S023,chr10,31275496,446625,3,31722121
S216,chr10,18964442,998979,3,19963421
S094,chr9,34243689,753969,1,34997658
S110,chr10,3322784,991529,4,4314313
S132,chr9,9254912,276788,3,9531700
S112,chr6,30545550,330384,3,30875934
S163,chr9,38489653,235275,3,38724928
S157,chr2,6446993,146143,1,6593136
S205,chr2,34730511,1116726,3,35847237
S016,chr10,30643875,1248736,3,31892611
S149,chr1,20414442,588896,3,21003338
S069,chr4,10157126,494529,3,10651655
S163,chr10,18329357,669760,3,18999117
S056,chr8,9499542,1459554,3,10959096
S185,chr6,9743131,880031,1,10623162
S212,chr5,19863357,1425019,4,21288376
S087,chr5,15845876,1024786,0,16870662
S066,chr2,27840945,1196072,3,29037017
S009,chr4,14827812,862363,3,15690175
S154,chr9,6182288,1081371,3,7263659
S039,chr2,33938758,1042237,1,34980995
S168,chr6,24228134,1143434,3,25371568
S144,chr4,21472373,1215095,3,22687468
S058,chr2,24931226,446104,0,25377330
S061,chr3,7734985,1480863,1,9215848
S186,chr10,24820589,135245,3,24955834
S128,chr10,27192653,686253,3,27878906
S053,chr7,39737042,1101688,0,40838730
S102,chr6,35660632,428448,1,36089080
S032,chr1,1869143,534775,3,2403918
S036,chr10,29587271,357504,1,29944775
S114,chr10,32381731,936438,1,33318169
S072,chr2,5577749,704892,1,6282641
S219,chr6,37791170,580829,0,38371999
S212,chr10,13652246,124452,1,13776698
S083,chr9,17458847,935411,4,18394258
S016,chr3,35640869,870792,1,36511661
S080,chr8,33937781,834570,1,34772351
S033,chr5,37164381,1449663,4,38614044
S053,chr3,26515563,1301505,3,27817068
S037,chr5,23516064,1118400,3,24634464
S030,chr3,6872498,150377,3,7022875
S122,chr9,5220485,1079523,0,6300008
S145,chr5,27611001,304425,1,27915426
S073,chr7,9767430,240349,3,10007779
S036,chr3,26489451,1040079,1,27529530
S210,chr9,18437846,1295370,1,19733216
S062,chr3,7740177,1046518,3,8786695
S084,chr4,30367466,129965,4,30497431
S219,chr5,1792594,880048,1,2672642
S014,chr10,26520731,109857,3,26630588
S220,chr9,39597111,650275,4,40247386
S008,chr10,2591696,314990,3,2906686
S199,chr10,4193618,742442,1,4936060
S196,chr3,26507871,980654,1,27488525
S170,chr6,15387936,943037,3,16330973
S166,chr2,14123366,989426,1,15112792
S146,chr1,28221376,1062047,1,29283423
S044,chr4,12357613,1416576,3,13774189
S047,chr2,19201708,1068147,3,20269855
S032,chr8,17302678,1117356,3,18420034
S158,chr6,1412015,1477452,3,2889467
S216,chr3,30641229,528455,3,31169684
S092,chr1,15237060,622139,3,15859199
S057,chr7,12650949,285370,1,12936319
S013,chr1,16389285,621441,1,17010726
S064,chr1,21833902,254175,3,22088077
S166,chr4,14762113,868945,0,15631058
S094,chr3,23481552,918812,3,24400364
S220,chr7,19033900,891450,3,19925350
S111,chr7,28511076,1383628,3,29894704
S083,chr7,31026106,1145834,1,32171940
S185,chr3,37909629,796151,3,38705780
S142,chr10,13213561,1395326,3,14608887
S049,chr10,32898135,559067,3,33457202
S043,chr2,6437652,1397220,1,7834872
S134,chr4,21199555,678731,1,21878286
S198,chr4,2937393,1257422,1,4194815
S053,chr4,20814486,459417,1,21273903
S050,chr5,24118158,135294,1,24253452
S211,chr9,32184522,734359,1,32918881
S076,chr4,33255494,153406,3,33408900
S004,chr6,39251507,864206,3,40115713
S111,chr6,1206141,490724,0,1696865
S149,chr6,11862999,220245,4,12083244
S180,chr2,29684339,57605,0,29741944
S176,chr9,10358902,86333,3,10445235
S216,chr4,7519595,347801,4,7867396
S088,chr3,15678187,912445,3,16590632
S079,chr5,17246921,606354,3,17853275
S118,chr4,4981240,950899,0,5932139
S119,chr10,8367091,672578,3,9039669
S071,chr4,7319002,901779,1,8220781
S193,chr4,31581480,430853,3,32012333
S075,chr7,18503883,417735,0,18921618
S147,chr4,7130090,1411313,3,8541403
S078,chr9,30397595,863895,1,31261490
S205,chr10,25939907,786714,3,26726621
S097,chr6,33469899,1096173,1,34566072
S071,chr10,2632557,1241351,3,3873908
S124,chr10,2894568,1010788,4,3905356
S192,chr6,24716956,1299888,0,26016844
S011,chr6,10425804,1235216,3,11661020
S203,chr5,29379440,812372,3,30191812
S212,chr7,31857611,369064,3,32226675
S063,chr8,30108487,66081,4,30174568
S152,chr4,35262274,356223,1,35618497
S167,chr2,12262958,765084,3,13028042
S028,chr9,18689069,531106,3,19220175
S088,chr9,13614832,1244486,3,14859318
S014,chr4,26886195,1320733,3,28206928
S015,chr7,26306351,964933,1,27271284
S070,chr4,16831112,428557,3,17259669
S131,chr3,30765706,1061717,3,31827423
S217,chr8,12487090,647837,1,13134927
S144,chr6,19634713,57394,1,19692107
S117,chr10,3768658,1003705,3,4772363
S048,chr7,3647524,106184,3,3753708
S204,chr3,35335049,887295,1,36222344
S163,chr8,36749331,1330983,1,38080314
S178,chr7,15272928,659732,3,15932660
S211,chr10,13386964,504292,1,13891256
S149,chr3,38134794,577366,3,38712160
S022,chr4,28907513,848815,1,29756328
S049,chr9,6174424,1265021,3,7439445
S092,chr1,33068848,625749,3,33694597
S192,chr7,22316287,847516,3,23163803
S188,chr3,11233582,831859,3,12065441
S201,chr7,5181589,309401,3,5490990
S115,chr2,3835132,1272778,3,5107910
S033,chr8,27693771,824292,3,28518063
S016,chr5,13886270,1494107,1,15380377
S140,chr1,4390867,1197075,4,5587942
S128,chr4,24185633,1053491,4,25239124
S213,chr1,20348883,833989,4,21182872
S119,chr7,37209438,717995,3,37927433
S199,chr9,35378242,133964,1,35512206
S172,chr1,16427800,352453,1,16780253
S043,chr6,13177072,548007,0,13725079
S094,chr6,17207186,629249,3,17836435
S169,chr8,23790353,1074994,3,24865347
S193,chr6,17037667,907400,3,17945067
S017,chr3,35095362,307870,3,35403232
S176,chr10,4471290,355389,1,4826679
S180,chr10,34921612,813972,3,35735584
S090,chr8,22082695,860097,3,22942792
S040,chr7,28837801,457540,3,29295341
S073,chr4,29816728,1083493,3,30900221
S072,chr6,23861165,431561,4,24292726
S024,chr2,7052473,229789,3,7282262
S159,chr10,16059371,650591,3,16709962
S198,chr4,8642970,292890,1,8935860
S135,chr6,19478478,1322058,3,20800536
S220,chr9,3058420,503848,3,3562268
S028,chr2,23507434,1158142,3,24665576
S117,chr5,30272889,113153,3,30386042
S181,chr3,25210146,1391059,3,26601205
S176,chr4,28725685,273334,3,28999019
S028,chr2,20575650,903224,1,21478874
S088,chr6,30534914,68270,1,30603184
S021,chr5,2430476,974819,1,3405295
S087,chr3,24922921,1197363,1,26120284
S118,chr3,22105148,1345869,3,23451017
S169,chr2,7174838,1340287,3,8515125
S155,chr4,7847693,716054,3,8563747
S170,chr3,39759407,293595,1,40053002
S150,chr1,13824077,854458,1,14678535
S139,chr3,9729727,504220,3,10233947
S195,chr7,33615561,837669,3,34453230
S195,chr8,17581220,355249,3,17936469
S174,chr5,14363066,380048,1,14743114
S089,chr6,22980158,1362759,3,24342917
S142,chr5,4010094,417927,1,4428021
S094,chr9,22866105,232336,1,23098441
S118,chr2,22474523,141537,1,22616060
S061,chr4,30526476,937725,3,31464201
S189,chr7,36471508,86135,1,36557643
S158,chr6,15263259,1243108,3,16506367
S117,chr7,5063962,1353772,1,6417734
S199,chr2,39278068,398044,1,39676112
S155,chr6,1714838,841753,3,2556591
S182,chr8,8776516,572705,3,9349221
S204,chr1,31178171,726610,3,31904781
S116,chr1,21383703,85513,0,21469216
S085,chr6,31995071,165395,1,32160466
S177,chr5,27842605,577298,3,28419903
S191,chr4,19356379,559074,3,19915453
S043,chr8,23019027,1374007,1,24393034
S100,chr7,30162490,64373,3,30226863
S139,chr6,22967389,1358007,3,24325396
S117,chr5,29736330,1180364,0,30916694
S034,chr3,10678991,1396336,3,12075327
S172,chr8,9895700,765383,3,10661083
S182,chr5,13506975,1215066,1,14722041
S098,chr3,22436661,771736,1,23208397
S161,chr6,7003565,1157875,3,8161440
S020,chr8,12372183,914241,1,13286424
S203,chr4,29575993,80828,1,29656821
S158,chr9,36886070,114090,3,37000160
S186,chr2,19734197,1352852,3,21087049
S163,chr8,12422821,79919,3,12502740
S084,chr8,37070968,663131,3,37734099
S194,chr3,9818431,273959,1,10092390
S124,chr2,1554418,773937,3,2328355
S165,chr1,35578511,454257,4,36032768
S209,chr6,35118409,119790,1,35238199
S099,chr7,13349422,180431,3,13529853
S206,chr9,8309846,988628,3,9298474
S171,chr2,23280037,397534,3,23677571
S138,chr3,11149011,105839,3,11254850
S017,chr10,16723774,852649,1,17576423
S192,chr1,2904048,1401103,1,4305151
S042,chr9,7082571,359157,0,7441728
S042,chr2,24370181,808579,3,25178760
S114,chr4,24252978,981314,3,25234292
S034,chr3,35836903,772757,3,36609660
S122,chr3,21100148,1499942,1,22600090
S100,chr6,39482016,1026985,0,40509001
S187,chr4,23031015,594125,3,23625140
S190,chr5,28689392,163644,3,28853036
S094,chr3,28794877,1106526,1,29901403
S008,chr7,7193340,483714,0,7677054
S008,chr10,16239204,1383073,1,17622277
S133,chr8,27833034,527730,3,28360764
S011,chr7,7523083,1310033,1,8833116
S191,chr3,22364496,1360534,0,23725030
S152,chr8,1193146,1199073,1,2392219
S019,chr6,23711637,1065511,1,24777148
S071,chr9,29720280,1334572,3,31054852
S005,chr4,35465553,1038110,1,36503663
S023,chr10,4236818,1070745,3,5307563
S185,chr6,34232757,1073077,3,35305834
S025,chr8,34655096,266881,1,34921977
S085,chr1,39593893,1035815,1,40629708
S085,chr9,13285856,779185,3,14065041
S069,chr6,23551458,1110609,3,24662067
S033,chr9,39303190,428909,4,39732099
S137,chr10,12280870,1005756,3,13286626
S013,chr4,30089650,1404288,3,31493938
S154,chr2,8721902,276481,0,8998383
S060,chr2,3640056,392232,3,4032288
S058,chr4,27400173,742731,3,28142904
S033,chr6,32752215,912188,3,33664403
S175,chr8,27337056,921173,3,28258229
S072,chr5,22875549,541838,4,23417387
S031,chr1,22311578,970654,4,23282232
S214,chr3,36449564,985663,3,37435227
S200,chr1,22587495,640458,3,23227953
S070,chr2,18792686,870200,4,19662886
S148,chr8,2925099,306346,3,3231445
S142,chr6,7614439,1318418,3,8932857
S133,chr7,15005018,441018,3,15446036
S167,chr9,20531993,1160845,0,21692838
S164,chr8,32043690,486159,1,32529849
S100,chr6,17362143,1295628,4,18657771
S075,chr8,30282844,192896,3,30475740
S030,chr6,27729346,1182202,3,28911548
S178,chr5,30185772,1184948,3,31370720
S205,chr9,7778036,332649,1,8110685
S039,chr6,2817553,71855,4,2889408
S060,chr9,20015824,987290,3,21003114
S177,chr7,3131370,1228250,1,4359620
S009,chr6,31426903,518441,3,31945344
S032,chr7,16078943,1376280,0,17455223
S075,chr2,31456738,890108,1,32346846
S139,chr9,32599140,728885,0,33328025
S143,chr9,12292324,150137,4,12442461
S198,chr3,10277461,849130,1,11126591
S206,chr8,7189038,229736,3,7418774
S070,chr6,12921273,980382,0,13901655
S146,chr9,1169250,1233954,3,2403204
S014,chr7,4948721,432523,1,5381244
S084,chr1,33844812,1348397,1,35193209
S167,chr7,7407644,564140,3,7971784
S139,chr3,10074595,1255184,3,11329779
S092,chr6,11161501,402758,3,11564259
S054,chr6,10685854,368138,1,11053992
S097,chr6,20184082,186333,1,20370415
S163,chr3,12182169,851674,3,13033843
S115,chr5,1244817,1457857,3,2702674
S003,chr4,8305929,933184,3,9239113
S055,chr8,31525717,435532,3,31961249
S109,chr4,21895885,713556,3,22609441
S165,chr8,29292745,822805,3,30115550
S047,chr5,21415570,573621,1,21989191
S182,chr5,10930113,1376688,3,12306801
S112,chr8,14010833,1264980,3,15275813
S072,chr8,25408614,709060,1,26117674
S165,chr9,16061617,1489860,1,17551477
S199,chr3,30649700,260811,3,30910511
S063,chr4,21056371,999572,3,22055943
S143,chr10,18128631,1455806,1,19584437
S169,chr10,10348905,261106,3,10610011
S203,chr9,22526483,180547,1,22707030
S170,chr3,17976641,1403888,3,19380529
S052,chr1,37529367,1003413,3,38532780
S029,chr8,30175009,240469,3,30415478
S175,chr4,21788481,1148658,0,22937139
S163,chr10,36023763,1142259,3,37166022
S099,chr5,25182908,667076,0,25849984
S203,chr5,17714049,59942,3,17773991
S052,chr5,2802735,1248612,3,4051347
S142,chr4,7962459,609532,0,8571991
S087,chr3,12336235,827186,1,13163421
S043,chr5,25017374,131433,3,25148807
S182,chr10,27432576,571646,3,28004222
S017,chr3,29928365,909477,1,30837842
S209,chr10,19582350,1042511,3,20624861
S129,chr10,31313176,1037504,1,32350680
S182,chr2,20119131,914467,1,21033598
S127,chr2,10875285,403392,3,11278677
S121,chr10,12257049,1259661,0,13516710
S080,chr6,30206057,1436457,1,31642514
S136,chr4,5775109,55290,1,5830399
S121,chr6,22091419,916580,3,23007999
S164,chr9,14230125,627471,3,14857596
S045,chr1,32838113,1010746,3,33848859
S205,chr3,7326603,1094887,1,8421490
S093,chr4,11681324,1393419,3,13074743
S116,chr7,18158226,546873,3,18705099
S218,chr1,23963388,530272,1,24493660
S115,chr5,29930964,1020829,3,30951793
S136,chr7,31282868,804695,4,32087563
S160,chr5,4389267,1323553,0,5712820
S212,chr7,37562338,191282,1,37753620
S003,chr2,7257642,110301,1,7367943
S118,chr1,12199651,515555,3,12715206
S125,chr5,1885638,374948,0,2260586
S160,chr5,27087674,1429309,3,28516983
S202,chr2,21821295,115045,1,21936340
S192,chr10,27298216,195789,3,27494005
S202,chr8,24812351,260711,4,25073062
S110,chr9,13712889,1400455,3,15113344
S076,chr8,11415343,820200,0,12235543
S062,chr3,34641406,1421295,3,36062701
S148,chr1,38084563,421800,1,38506363
S102,chr5,39881338,966460,3,40847798
S117,chr7,29232437,598193,3,29830630
S031,chr8,5275081,611538,3,5886619
S038,chr3,28662875,167256,3,28830131
S095,chr7,34353152,600136,3,34953288
S163,chr2,36611854,1298055,3,37909909
S081,chr10,30923894,1214456,4,32138350
S202,chr5,25225428,299409,3,25524837
S064,chr4,37899489,424574,1,38324063
S211,chr10,17928371,529138,3,18457509
S208,chr2,7018972,1108695,0,8127667
S189,chr5,34282354,270072,3,34552426
S092,chr10,5033032,332790,3,5365822
S137,chr2,10198070,1208496,3,11406566
S194,chr1,14210630,370554,4,14581184
S045,chr2,25061077,701959,4,25763036
S203,chr7,27968876,534325,1,28503201
S199,chr6,7962587,850918,1,8813505
S016,chr8,8753671,215687,3,8969358
S157,chr2,34562841,1137169,4,35700010
S041,chr9,2515960,361608,3,2877568
S108,chr7,22114653,717336,3,22831989
S170,chr4,19245134,479486,1,19724620
S060,chr3,16903048,1274756,1,18177804
S114,chr4,36744740,1291905,1,38036645
S207,chr4,25433789,203595,1,25637384
S104,chr5,28506196,1028839,3,29535035
S095,chr6,26341715,1361702,3,27703417
S160,chr1,24251819,1290645,1,25542464
S044,chr5,4224478,155483,3,4379961
S173,chr8,17101700,1090772,1,18192472
S162,chr8,12162054,1185242,3,13347296
S109,chr2,21592355,755386,3,22347741
S073,chr1,36290283,956241,3,37246524
S176,chr2,34482508,1444586,1,35927094
S073,chr2,34631524,951306,3,35582830
S143,chr5,18339035,1432695,0,19771730
S193,chr1,33520092,429319,1,33949411
S047,chr7,34270155,1454537,1,35724692
S134,chr10,6974482,172781,4,7147263
S165,chr4,7184641,595685,3,7780326
S175,chr4,29979006,248501,3,30227507
S185,chr4,4689528,153069,1,4842597
S200,chr5,32748961,229795,3,32978756
S164,chr10,7484948,758192,3,8243140
S105,chr7,10890097,601535,3,11491632
S169,chr6,24123404,50066,3,24173470
S182,chr3,24570592,833210,3,25403802
S033,chr8,19816048,1386028,3,21202076
S163,chr6,5539681,405171,3,5944852
S065,chr8,34535539,1428359,1,35963898
S029,chr6,31702591,422821,3,32125412
S125,chr6,8718189,312181,3,9030370
S118,chr5,26576318,959722,0,27536040
S006,chr6,22649143,408008,3,23057151
S046,chr5,35761050,460379,3,36221429
S097,chr4,8413902,1481166,3,9895068
S204,chr3,9358247,1408080,4,10766327
S160,chr3,9837439,69404,3,9906843
S056,chr2,9759063,845411,4,10604474
S187,chr1,8668209,321215,3,8989424
S172,chr8,32415522,897600,3,33313122
S092,chr9,29796572,1434120,3,31230692
S199,chr5,35969731,832018,3,36801749
S072,chr3,4943121,1260527,1,6203648
S215,chr10,23418016,288240,3,23706256
S068,chr2,35167714,324032,1,35491746
S145,chr1,18153639,1175479,0,19329118
S188,chr4,34436714,265364,3,34702078
S078,chr2,27228102,571975,3,27800077
S140,chr10,23500647,261802,3,23762449
S097,chr2,1473953,937271,0,2411224
S051,chr5,15944387,1422059,3,17366446
S010,chr3,27906350,243180,1,28149530
S198,chr1,3558381,1344192,3,4902573
S126,chr2,34893752,1264527,1,36158279
S067,chr9,24948433,494476,3,25442909
S211,chr1,16632098,647273,4,17279371
S102,chr10,25640160,197022,3,25837182
S054,chr10,32298877,1129049,1,33427926
S119,chr9,1739922,1312655,1,3052577
S144,chr4,27968649,51805,3,28020454
S005,chr7,17087023,162727,3,17249750
S167,chr1,18881681,670080,3,19551761
S199,chr4,19554965,1463135,1,21018100
S215,chr1,38423225,469063,3,38892288
S168,chr4,33998129,1136408,1,35134537
S142,chr10,14715469,988464,0,15703933
S094,chr9,31267227,1037287,4,32304514
S199,chr5,38121316,908797,1,39030113
S058,chr4,26702428,1036111,3,27738539
S073,chr6,13960102,556841,3,14516943
S035,chr10,8683350,909620,1,9592970
S200,chr10,12185585,371692,3,12557277
S100,chr3,37234219,898921,1,38133140
S098,chr3,37011911,256267,3,37268178
S135,chr4,24576403,1007539,4,25583942
S086,chr3,5823670,410417,1,6234087
S060,chr7,24717496,839009,3,25556505
S053,chr9,13010273,495302,3,13505575
S041,chr10,22952879,1194765,3,24147644
