rs0_0,rs0_1,rs0_2,rs0_3,rs0_4,rs0_5,rs0_6,rs0_7,rs1_8,rs1_9,rs1_10,rs1_11,rs1_12,rs1_13,rs1_14,rs1_15,rs1_16,rs1_17,rs1_18,rs1_19,rs2_20,rs2_21,rs2_22,rs2_23,rs2_24,rs2_25,rs2_26,rs2_27,rs2_28,rs2_29,rs3_30,rs3_31,rs3_32,rs3_33,rs3_34,rs3_35,rs3_36,rs3_37,rs3_38,rs3_39,rs4_40,rs4_41,rs4_42,rs4_43,rs4_44,rs4_45,rs4_46,rs4_47,rs4_48,rs4_49
0,2,0,1,1,0,0,0,1,2,0,0,1,1,0,1,0,2,0,2,2,0,1,1,0,0,1,0,0,1,2,2,1,1,2,1,2,1,2,2,2,1,1,1,1,0,0,2,1,1
0,2,0,1,1,0,0,0,1,1,1,0,1,1,0,2,0,2,0,2,1,1,1,1,0,1,2,1,1,1,0,1,2,2,0,1,1,1,1,0,1,1,0,1,1,1,1,2,2,1
0,2,0,1,2,0,0,0,1,2,1,0,2,1,2,0,0,0,1,1,1,1,1,1,0,2,2,1,0,1,2,2,1,1,2,1,1,1,1,2,1,0,1,2,1,1,1,2,2,2
0,1,1,0,0,0,1,1,2,1,0,2,1,1,1,2,2,0,1,0,2,0,1,1,0,0,1,1,0,1,1,0,1,1,1,2,2,1,2,0,1,0,2,2,1,1,1,2,2,2
0,0,0,0,1,0,1,1,2,1,0,2,1,0,1,1,1,0,1,0,1,2,2,1,1,2,2,1,1,0,1,1,1,1,0,2,1,1,1,1,1,0,1,2,1,1,1,2,2,2
1,0,0,0,0,0,1,1,0,2,1,0,1,1,2,0,0,0,1,1,2,1,1,0,1,2,1,0,1,0,1,1,1,2,0,2,1,1,1,1,1,1,1,2,2,2,2,2,2,1
1,2,2,1,0,2,1,2,1,1,0,0,1,1,0,1,0,2,0,2,2,2,1,0,1,2,1,0,1,0,1,1,1,1,0,2,1,1,1,1,1,0,1,2,1,1,1,2,2,2
0,0,0,0,0,0,1,1,0,1,0,1,2,1,0,1,1,0,0,1,2,1,1,1,0,1,2,1,0,1,2,1,1,1,0,2,1,1,1,1,2,1,1,1,1,0,1,2,1,1
1,0,0,0,1,0,1,1,0,2,1,0,1,1,2,0,0,0,1,1,2,2,2,0,1,2,1,0,1,0,2,2,1,1,2,1,1,1,2,2,1,1,1,2,2,2,2,2,2,1
0,0,0,0,0,0,1,1,0,1,0,2,2,1,0,1,1,0,0,1,1,2,2,1,0,2,2,1,1,0,2,2,1,1,2,1,1,1,1,2,1,0,1,2,1,1,1,2,2,2
1,2,2,1,0,2,1,2,2,1,0,1,1,2,0,1,0,2,0,2,2,1,1,0,1,2,1,0,2,0,0,1,2,2,0,1,1,1,1,0,2,1,1,1,1,0,0,2,1,2
0,0,0,0,0,0,1,1,2,1,0,2,2,1,1,1,1,0,1,0,1,1,1,2,0,1,2,1,0,1,2,2,1,1,2,1,2,1,1,2,2,2,1,1,1,1,0,2,1,1
0,2,0,1,1,0,0,0,1,1,0,0,1,2,0,1,0,2,0,2,1,1,1,1,0,2,2,1,0,1,0,2,2,2,0,1,1,1,1,2,2,1,1,1,1,0,0,2,1,1
0,0,0,0,0,0,1,1,0,2,1,0,2,1,2,1,0,0,1,1,1,2,1,1,0,2,2,2,1,2,0,1,2,2,0,1,1,1,1,1,1,1,0,1,1,1,1,2,2,1
1,2,0,1,1,0,0,0,2,1,0,2,1,0,1,1,1,0,2,0,1,2,1,1,0,2,2,1,1,0,1,1,1,1,0,2,1,1,1,1,1,2,1,2,2,2,2,2,2,1
0,2,0,1,1,0,1,1,0,2,1,0,1,1,2,0,1,0,1,1,2,1,1,0,1,2,1,0,1,0,2,2,1,1,2,1,1,1,1,2,2,1,2,1,1,0,0,2,1,1
1,2,0,2,1,1,1,0,0,2,1,0,1,1,2,0,0,0,1,1,2,1,1,1,1,2,1,0,1,0,2,2,1,1,2,1,2,1,1,2,1,1,0,1,1,2,2,2,2,1
1,2,2,1,0,2,2,2,1,1,0,0,1,1,0,1,0,2,0,2,1,1,1,1,0,1,2,1,0,2,0,1,2,2,0,1,2,1,2,0,1,0,1,2,1,1,1,2,2,2
1,2,2,2,0,2,1,2,0,2,1,0,1,1,2,0,0,0,1,1,1,2,1,1,0,2,2,1,1,0,0,1,2,2,1,1,1,1,1,1,2,1,1,1,1,0,0,2,1,1
1,2,2,1,0,2,1,2,1,1,0,0,1,1,0,1,0,2,0,2,1,2,1,1,0,2,2,1,1,0,1,0,1,1,2,2,2,1,2,0,2,2,0,1,1,1,2,2,2,1
0,0,0,0,0,0,1,1,2,2,0,2,1,0,1,1,1,0,1,0,1,2,1,1,0,2,2,1,1,0,1,0,2,1,1,2,2,1,2,0,2,1,1,1,1,0,0,2,2,1
0,2,0,1,1,0,0,0,1,1,0,0,1,1,0,1,0,2,0,2,2,1,1,0,1,2,1,0,1,0,0,2,2,2,0,1,1,1,1,0,1,1,1,2,2,2,2,2,2,1
1,2,2,1,0,2,1,2,2,1,0,2,1,0,1,1,1,1,2,0,1,2,1,1,0,2,2,1,1,0,2,0,1,1,1,2,2,1,2,0,1,1,1,2,2,2,2,2,2,1
1,2,2,1,0,2,1,2,1,1,0,0,1,1,0,1,0,2,0,2,1,1,1,2,0,2,2,1,0,1,1,1,1,1,1,2,2,1,2,0,1,0,1,2,1,1,1,2,2,2
0,0,0,0,0,0,1,2,1,1,0,1,2,1,0,1,1,0,0,1,1,1,1,1,0,1,2,1,1,1,0,1,2,2,0,1,1,1,1,0,2,1,1,1,1,0,0,2,1,2
1,2,2,1,0,2,1,2,1,1,0,1,2,1,0,2,1,0,1,1,2,1,1,0,1,2,2,0,1,0,0,1,2,2,0,2,1,1,1,0,1,1,0,1,2,1,2,2,2,1
0,0,1,0,0,0,1,1,0,2,1,0,1,1,2,0,0,0,2,1,2,0,1,1,0,0,1,0,0,1,2,2,1,1,2,1,1,1,1,2,1,0,1,2,1,2,1,2,2,2
2,1,0,0,2,1,0,1,1,1,0,0,2,1,0,1,0,2,0,2,2,1,1,0,1,2,1,0,1,0,0,1,2,2,0,1,1,1,1,0,2,1,1,1,1,0,0,2,1,2
1,2,2,1,0,2,1,2,1,1,0,0,1,1,0,1,0,2,0,2,2,0,1,1,0,0,1,0,0,1,0,2,2,2,0,2,1,1,1,0,1,0,2,2,1,1,2,2,2,2
2,1,0,0,2,1,0,1,2,1,0,2,1,0,1,2,1,0,1,1,1,2,1,1,0,2,2,1,1,0,1,1,1,1,0,2,1,1,1,1,1,1,0,1,1,2,1,2,2,1
0,0,0,0,1,0,1,1,0,2,1,0,2,2,2,1,0,0,1,1,2,1,1,0,2,2,1,0,1,0,2,2,1,1,2,1,1,1,1,2,1,0,1,2,1,1,1,2,2,2
0,2,1,1,2,1,0,0,1,1,0,0,1,1,0,1,1,2,0,2,1,2,1,1,0,1,2,1,0,1,2,2,1,1,2,1,2,1,2,2,1,0,1,2,1,1,2,2,2,2
1,2,2,1,0,2,1,2,0,2,1,0,2,1,2,0,0,0,1,2,1,2,1,1,0,2,2,2,1,0,2,2,1,1,2,1,2,1,1,2,1,0,1,2,1,1,1,2,2,2
0,0,0,0,0,0,1,1,0,1,0,1,2,1,0,1,2,0,1,1,1,1,1,1,0,1,2,1,0,1,1,1,1,2,0,2,1,1,1,1,2,1,1,1,1,0,0,2,1,1
0,2,0,1,2,0,0,0,1,1,0,0,1,1,0,1,0,2,0,2,1,2,1,2,1,2,2,1,2,0,0,1,2,2,0,1,1,1,1,0,2,1,0,1,1,1,1,2,2,1
0,2,0,1,1,0,0,1,1,1,0,0,1,1,0,1,0,2,0,2,2,1,1,0,1,2,1,0,1,0,2,2,1,1,2,1,1,1,1,2,1,1,1,2,2,2,2,2,2,1
2,1,0,0,2,1,1,1,0,2,1,0,1,1,2,0,0,0,1,1,2,0,1,1,1,0,1,0,0,1,2,2,2,1,2,2,2,1,1,2,2,1,1,1,1,0,0,2,1,1
0,1,1,0,0,0,1,1,1,1,0,0,1,1,0,1,1,2,0,2,1,2,1,1,0,2,2,1,1,0,1,0,1,1,1,2,2,1,2,0,1,1,2,2,2,2,2,2,2,1
0,2,0,1,1,0,0,0,0,2,1,1,1,2,2,0,0,0,1,1,2,0,1,1,0,0,1,0,0,1,2,2,2,1,2,1,1,1,1,2,1,1,1,2,2,2,2,2,2,2
1,2,2,1,0,2,1,2,1,1,0,0,1,1,0,1,0,2,0,2,1,2,2,1,0,2,2,1,2,1,0,1,2,2,1,1,1,1,1,0,2,1,1,1,1,0,0,2,1,1
1,2,2,1,0,2,1,2,2,1,0,2,2,0,1,1,1,0,2,0,1,2,1,1,0,1,2,1,1,1,1,1,2,2,1,1,1,1,1,0,2,1,1,1,1,0,0,2,1,1
2,1,0,1,2,1,0,1,0,2,1,0,1,1,2,0,0,0,1,1,1,2,2,2,0,2,2,1,0,1,2,0,1,1,1,2,2,1,2,0,2,2,0,1,1,1,1,2,2,1
0,2,0,2,1,0,0,0,1,1,0,0,1,1,0,1,0,2,0,2,1,2,1,1,0,2,2,1,1,0,2,2,1,1,2,1,1,1,1,2,1,1,0,1,2,1,1,2,2,1
0,0,0,0,0,0,2,1,0,1,0,1,2,1,0,1,2,0,0,1,2,0,1,1,0,0,1,0,0,1,2,2,2,1,2,1,2,1,1,2,1,0,1,2,1,1,1,2,2,2
1,2,2,2,0,2,1,2,1,1,0,1,1,1,0,1,0,2,0,2,2,1,1,0,1,2,2,0,1,0,2,2,1,1,2,1,1,1,1,2,1,1,1,2,2,2,2,2,2,1
0,2,0,1,2,0,0,0,0,1,0,1,2,1,0,1,1,0,0,1,2,1,2,1,1,2,1,0,1,0,2,1,1,1,0,2,1,1,1,1,1,1,0,1,1,1,1,2,2,2
0,2,0,1,1,0,1,0,0,1,0,1,2,1,0,1,1,0,0,2,1,1,1,2,0,1,2,1,0,1,2,2,1,1,2,2,1,1,1,2,2,0,1,2,1,1,1,2,2,2
2,1,0,0,2,1,0,1,2,1,0,2,1,0,1,1,1,0,2,0,2,1,2,0,1,2,1,0,1,0,0,1,2,2,0,1,1,1,1,0,1,2,0,1,2,1,1,2,2,1
2,2,2,1,0,2,1,2,0,2,2,1,1,1,2,0,0,0,1,1,1,2,1,1,0,1,2,1,0,1,0,1,2,2,0,1,1,1,1,0,2,1,1,1,2,0,0,2,1,2
2,2,2,1,0,2,2,2,1,1,0,0,1,1,0,2,0,2,0,2,2,1,1,0,1,2,1,0,1,0,1,1,1,1,0,2,1,1,1,1,1,1,0,1,1,1,1,2,2,1
0,0,0,0,1,0,1,1,2,1,1,2,2,0,1,2,1,0,1,0,1,2,1,1,0,2,2,1,1,0,1,1,1,1,0,2,1,1,1,1,1,1,2,2,2,2,2,2,2,1
2,2,2,1,0,2,1,2,1,1,0,0,1,1,0,1,0,2,0,2,1,1,1,1,0,1,2,1,0,1,2,2,1,2,2,2,2,1,1,2,1,1,0,1,1,2,1,2,2,1
0,2,1,0,0,1,1,1,0,1,1,1,2,1,0,1,1,0,0,1,1,1,1,2,0,1,2,1,0,1,1,0,1,1,1,2,2,1,2,0,1,1,1,2,2,2,2,2,2,2
1,2,2,1,0,2,1,2,0,2,2,0,2,1,2,0,0,0,1,1,1,2,1,1,0,2,2,2,1,0,2,1,1,1,0,2,1,1,1,2,2,1,1,2,1,1,0,2,2,1
2,1,0,0,2,1,0,1,1,1,0,0,1,1,0,2,0,2,1,2,1,1,1,1,0,1,2,1,1,1,1,1,1,1,0,2,1,2,1,1,1,1,1,2,2,2,2,2,2,1
1,2,2,1,0,2,1,2,1,1,0,0,1,1,0,2,0,2,0,2,2,1,1,0,1,2,1,0,1,1,2,2,1,1,2,1,1,1,1,2,1,2,0,1,2,1,1,2,2,1
0,0,0,0,0,0,2,1,0,1,0,1,2,1,0,1,1,0,0,1,2,1,1,0,2,2,1,0,1,0,2,2,1,1,2,1,1,1,1,2,2,0,1,2,1,1,1,2,2,2
0,0,0,0,0,1,1,2,1,1,0,0,1,1,0,1,0,2,1,2,1,1,1,2,0,1,2,1,1,1,1,1,1,2,0,2,1,1,1,1,2,1,1,1,1,0,0,2,1,1
2,1,0,1,2,1,0,1,2,1,0,0,1,1,0,1,0,2,0,2,2,1,1,0,1,2,1,0,1,1,1,0,1,1,1,2,2,1,2,0,1,1,0,1,1,1,1,2,2,1
1,2,2,1,0,2,1,2,0,1,0,1,2,2,0,1,1,0,0,1,2,0,1,1,0,1,1,0,0,1,1,1,1,1,0,2,2,1,1,1,2,1,1,2,1,0,0,2,1,1
1,2,2,1,0,2,1,2,2,1,0,2,1,0,1,1,1,0,1,0,1,1,1,1,0,1,2,1,0,1,2,2,1,1,2,1,1,2,1,2,2,2,1,1,1,0,0,2,1,1
2,1,0,0,2,1,0,1,0,1,0,1,2,1,0,1,2,0,0,1,1,2,1,1,0,2,2,1,1,0,2,2,1,1,2,1,1,1,1,2,1,1,0,1,2,1,1,2,2,1
1,2,2,1,0,2,1,2,2,1,0,2,1,0,1,1,1,0,1,1,2,0,1,1,0,0,1,0,0,1,1,1,1,1,1,2,1,1,1,1,1,1,0,1,1,1,1,2,2,1
1,2,2,1,0,2,1,2,0,2,1,0,1,1,2,0,0,0,1,2,1,1,1,1,0,1,2,1,0,1,1,0,1,1,1,2,2,1,2,0,2,0,1,2,1,1,2,2,2,2
0,0,0,0,0,0,1,1,2,1,1,2,1,0,1,1,1,0,2,0,1,2,1,1,0,2,2,2,1,0,1,1,1,1,0,2,1,1,1,1,2,1,1,1,1,0,0,2,1,1
1,2,2,1,0,2,1,2,2,1,0,2,2,0,1,1,1,0,1,0,2,2,1,0,1,2,1,0,1,0,1,2,1,1,0,2,1,1,1,1,2,1,1,1,1,0,0,2,1,1
1,2,2,1,0,2,1,2,0,2,2,0,1,1,2,0,0,0,1,1,1,2,1,1,0,2,2,1,1,1,2,2,1,1,2,1,1,1,1,2,1,1,1,2,1,1,1,2,2,1
2,1,0,0,2,1,0,1,2,2,0,2,1,0,1,1,1,0,1,0,2,0,1,1,0,0,1,1,0,1,1,0,1,1,1,2,2,1,2,0,1,1,1,2,2,2,2,2,2,1
2,1,0,1,2,1,0,1,0,1,0,1,2,1,0,1,1,0,0,1,2,1,1,0,1,2,2,0,1,1,0,1,2,2,0,1,1,1,1,0,1,1,0,1,2,2,1,2,2,1
0,2,0,1,1,0,0,0,2,2,0,2,1,0,1,1,1,0,1,0,1,1,1,1,0,1,2,1,0,1,1,0,1,1,1,2,2,1,2,0,2,2,1,1,2,0,0,2,1,1
0,1,0,0,1,0,1,1,0,2,1,0,1,1,2,0,0,0,1,1,2,2,1,0,1,2,2,0,1,0,1,1,1,1,0,2,1,1,1,1,1,2,0,1,1,1,1,2,2,1
1,2,2,1,0,2,1,2,1,1,0,1,2,1,0,1,1,0,0,1,1,1,2,1,0,1,2,1,0,1,1,1,1,2,0,2,1,1,1,1,1,0,1,2,1,2,1,2,2,2
1,2,2,1,0,2,1,2,0,2,1,0,1,1,2,0,0,0,1,1,1,1,1,1,0,1,2,1,0,1,1,1,1,1,0,2,1,1,1,2,1,1,1,2,2,2,2,2,2,1
0,2,0,1,1,0,0,1,0,2,1,0,1,1,2,0,0,0,1,1,1,2,1,1,0,2,2,1,2,0,1,0,1,1,1,2,2,1,2,0,1,1,0,1,1,1,1,2,2,1
1,2,2,1,0,2,1,2,1,1,0,0,1,1,2,2,0,2,0,2,1,2,2,1,0,2,2,1,1,0,2,2,1,1,2,1,1,1,1,2,1,0,1,2,1,1,1,2,2,2
0,1,0,1,0,0,2,1,1,1,0,0,1,1,0,1,0,2,0,2,1,2,1,1,0,2,2,1,1,0,1,2,1,1,0,2,1,1,1,1,2,2,2,1,1,0,1,2,1,1
0,2,0,1,1,0,0,0,0,2,1,1,1,1,2,0,0,0,1,1,2,0,1,1,0,0,2,0,0,1,1,1,1,1,0,2,1,1,1,1,1,1,0,1,1,1,1,2,2,1
0,0,0,0,0,0,1,1,0,2,1,0,1,1,2,0,0,0,1,1,2,0,1,1,0,0,2,0,0,1,1,0,1,2,1,2,2,1,2,0,2,1,2,1,1,0,1,2,1,1
0,2,0,1,1,0,0,0,1,2,1,0,1,1,2,0,0,0,1,1,1,2,1,1,0,2,2,1,1,0,0,2,2,2,0,1,1,1,1,0,1,0,1,2,1,1,1,2,2,2
0,2,1,1,1,1,0,0,1,1,0,0,2,1,0,1,0,2,0,2,2,0,1,1,0,0,1,0,0,1,0,2,2,2,1,1,1,1,1,0,2,1,1,2,1,0,0,2,1,1
2,1,0,0,2,1,0,1,2,1,1,0,1,1,0,2,0,2,0,2,2,2,2,0,1,2,2,0,1,0,2,2,1,1,2,2,1,2,1,2,1,0,1,2,1,1,1,2,2,2
0,0,0,0,0,0,1,1,2,2,0,2,1,0,1,1,1,0,1,0,2,1,1,0,1,2,1,0,1,0,2,2,1,1,2,1,1,1,1,2,1,0,1,2,1,1,1,2,2,2
1,2,2,1,0,2,1,2,2,1,0,2,1,0,1,1,1,1,1,0,2,0,1,1,0,0,1,0,0,1,1,1,1,1,0,2,1,1,1,1,1,0,1,2,1,1,1,2,2,2
1,2,2,1,0,2,1,2,0,2,1,0,1,1,2,0,0,0,1,1,2,0,1,1,0,0,1,0,0,1,1,0,1,2,1,2,2,1,2,0,1,1,0,1,1,2,1,2,2,2
0,0,0,1,0,0,1,1,0,1,0,1,2,1,0,1,1,0,1,1,2,1,1,0,1,2,1,1,1,0,1,1,1,1,0,2,1,1,1,1,2,1,1,1,1,0,0,2,1,1
1,2,2,1,0,2,1,2,0,1,0,2,2,1,0,1,1,0,0,2,1,1,1,1,0,1,2,1,0,1,2,2,1,1,2,1,1,1,1,2,2,1,1,1,1,0,0,2,1,1
1,2,2,1,1,2,1,2,1,1,0,0,1,1,0,1,1,2,0,2,2,1,1,0,1,2,1,0,1,0,1,0,1,1,1,2,2,1,2,0,1,2,1,2,2,2,2,2,2,1
1,0,0,1,0,0,1,1,1,1,0,1,1,2,0,1,0,2,0,2,2,1,1,0,1,2,1,0,1,0,1,0,1,1,2,2,2,1,2,0,1,1,1,2,2,2,2,2,2,1
0,2,0,1,1,0,0,1,1,1,0,0,1,1,1,1,1,2,0,2,2,0,1,1,0,0,1,0,0,1,2,2,1,1,2,1,2,1,1,2,1,1,1,2,2,2,2,2,2,1
0,0,0,0,0,0,1,1,0,2,1,0,1,1,2,0,0,0,1,1,2,1,1,0,1,2,1,0,1,0,0,1,2,2,0,1,1,1,1,0,1,1,1,2,2,2,2,2,2,1
0,2,1,1,1,0,0,0,0,1,0,1,2,1,0,1,1,0,0,1,2,0,1,1,1,0,1,0,0,1,0,2,2,2,0,1,1,1,1,0,2,1,2,1,1,0,0,2,1,1
1,2,2,1,0,2,1,2,2,1,0,2,1,0,1,1,1,0,1,0,2,1,1,1,0,0,1,0,0,1,1,0,1,2,1,2,2,1,2,0,1,2,1,2,2,1,1,2,2,2
1,2,2,1,0,2,1,2,0,2,1,0,1,1,2,0,0,0,1,1,1,2,1,1,0,2,2,1,1,0,1,1,1,1,0,2,1,1,1,1,2,0,1,2,1,1,1,2,2,2
1,2,2,1,0,2,1,2,2,1,0,2,1,0,1,1,1,1,1,0,2,1,1,0,1,2,1,0,1,0,0,1,2,2,0,1,1,1,1,0,1,1,0,1,1,1,1,2,2,1
2,1,0,1,2,1,0,1,2,1,0,2,1,0,1,1,1,0,1,0,1,1,1,1,0,1,2,1,0,1,1,1,2,1,0,2,1,1,2,1,1,0,1,2,1,1,1,2,2,2
0,2,0,1,1,0,0,0,1,2,1,0,1,2,2,0,0,1,1,1,1,2,1,1,0,2,2,1,1,0,1,2,2,2,0,1,1,1,1,0,2,1,1,1,1,0,0,2,1,1
2,1,0,0,2,1,0,1,2,2,0,2,1,0,1,1,1,0,1,0,2,0,2,1,0,0,1,0,0,1,0,1,2,2,0,1,1,1,1,0,2,1,1,1,1,0,0,2,1,1
2,1,0,0,2,1,0,1,0,1,0,1,2,1,0,1,2,0,0,1,2,0,1,1,1,0,1,0,0,1,1,1,1,1,0,2,1,1,1,1,2,2,1,1,1,0,0,2,1,1
0,0,0,0,0,0,1,1,2,1,0,2,1,0,1,2,1,0,1,0,1,1,1,1,0,1,2,1,0,1,2,2,1,1,2,1,1,1,1,2,1,1,0,1,1,1,1,2,2,1
2,1,0,0,2,1,0,1,0,1,0,2,2,1,0,1,1,0,0,1,2,0,1,1,0,0,1,0,0,1,0,1,2,2,0,1,1,1,1,0,1,1,1,2,2,2,2,2,2,1
