SNP,Position,Chromosome,Haplotype_Block
rs0_0,0,1,5
rs0_1,1000,1,5
rs0_2,2000,1,5
rs0_3,3000,1,5
rs0_4,4000,1,5
rs0_5,5000,1,5
rs0_6,6000,1,5
rs0_7,7000,1,5
rs1_8,8,2,1
rs1_9,1008,2,1
rs1_10,2008,2,1
rs1_11,3008,2,1
rs1_12,4008,2,5
rs1_13,5008,2,1
rs1_14,6008,2,1
rs1_15,7008,2,1
rs1_16,8008,2,1
rs1_17,9008,2,1
rs1_18,10008,2,1
rs1_19,11008,2,1
rs2_20,20,3,2
rs2_21,1020,3,2
rs2_22,2020,3,5
rs2_23,3020,3,2
rs2_24,4020,3,2
rs2_25,5020,3,2
rs2_26,6020,3,2
rs2_27,7020,3,2
rs2_28,8020,3,2
rs2_29,9020,3,2
rs3_30,30,4,4
rs3_31,1030,4,5
rs3_32,2030,4,4
rs3_33,3030,4,4
rs3_34,4030,4,4
rs3_35,5030,4,5
rs3_36,6030,4,5
rs3_37,7030,4,5
rs3_38,8030,4,5
rs3_39,9030,4,4
rs4_40,40,5,3
rs4_41,1040,5,5
rs4_42,2040,5,5
rs4_43,3040,5,5
rs4_44,4040,5,3
rs4_45,5040,5,3
rs4_46,6040,5,3
rs4_47,7040,5,5
rs4_48,8040,5,3
rs4_49,9040,5,5
