PC1,PC2,PC3,PC4,PC5,PC6,PC7,PC8,PC9,PC10,Pop
13.590942378349869,-9.313628882142412,5.873145552049644,5.189689488656953,-8.135965928377784,7.012472414222859,-6.225004536727248,6.135773887721674,0.6500255322384071,-18.069673865707657,Adm1
-6.8538078406979475,19.26564521887889,0.8475076214215099,1.8561692030720949,-8.441458142948795,2.568813486170171,-0.4571953532787894,2.0152306256652053,-9.894769189663666,0.8853859621554788,Adm2
-34.19718061092146,3.0392397121000636,0.6201831235623679,-1.7659155679087122,11.941359250677941,0.5403994287081366,-5.527613296633656,4.725282721613383,-2.333614862142198,-7.93118252211494,Adm3
13.24903486130379,-7.754736484277952,14.651867946471901,21.831208587254295,5.43508497807325,1.280544439884248,14.559431232843966,-15.42712460826931,-0.2474977158715125,-3.441663500195828,Adm4
-35.14566744080172,3.97998503778286,-0.3056857420329111,-3.9469723068063542,-12.41249114218651,1.8731018140551445,6.645743218870837,-9.083286297491025,-0.5015826100393589,2.381658184711344,Adm5
-35.20365059879985,3.419220106530396,-0.3181822261201202,-5.130156719476211,5.763079717735888,-9.891246149932247,-2.0555812478344553,-11.811914810776635,-3.8728201763812486,-5.594217180710388,Adm6
-5.3686587092516005,21.088367786604614,-6.157484668476451,19.028953136156403,5.960724183434243,-10.785500211270895,-2.5158729462315153,-5.43309292766036,-0.5807655502774061,-13.824780461130581,Adm7
13.936169058328979,-9.040860325877542,1.1917887780979803,3.226483840873247,5.275292206315624,2.260630331339896,5.126480946857575,6.424119624560497,-3.311032501264395,4.870964857192127,Adm8
12.918541680215379,-7.836894283069543,-1.1810389488971653,17.261981632938753,-4.588436891432458,-0.59759556152502,-31.19627677917494,-8.926729753749436,-9.87862725508243,20.372517755687515,Adm9
12.974641049666857,-7.94542878744124,9.18450617441434,-7.147569668578104,25.626387025747174,-5.311139169266825,4.379112120352619,-6.065029006065186,-4.18843688223994,4.208832208953633,Adm10
-34.14873293809089,3.796426401205628,2.078447325296494,-3.294666558059457,9.029294685624787,-1.6766267701829538,8.737146486850985,3.547134047613493,6.538165393177449,-9.516423388454719,Adm11
13.669460439100611,-7.5176118312301865,18.258236969097972,-1.2996631425048824,-10.479438386288457,-16.690976061661292,21.853275078458218,9.715333933848271,-4.4985852628228935,15.594894385214388,Adm12
-4.686405576822521,19.956463971762496,-7.0713535409586825,-2.4049594590222956,3.981080492970026,21.112157345736293,-2.3352291829596568,-7.811433252196209,9.627485269122724,5.407312724999367,Adm13
-2.7745294142702654,20.497018775743342,-6.517701536934581,-1.6787024022595403,-1.7630033247228805,12.96601545965404,12.108496848176538,14.21492659763785,-11.776870310684556,-5.883306555934785,Adm14
14.699347838272239,-6.561863365987209,-10.554888250899847,-3.5237374032373414,-28.49806986711672,10.278327762469688,5.076461962913407,-10.66782336547695,-0.22500946094538354,-2.792298282471842,Adm15
-34.638205816393565,2.9302294117378755,-13.41095164110631,5.758833736193356,-2.7767573281924554,3.3559295020512367,-1.0525296247751073,10.979871795957548,-2.660358621877951,2.71723017597388,Adm16
-34.77788564742035,2.413249447337622,-0.4998858258693854,7.155653880256397,-5.641616435699581,1.0119590685451492,-0.41719488471622596,-0.6760521733454838,0.14500865016107903,-5.452604692700144,Adm17
-34.63506434871149,4.1446847350575995,7.864960938112061,-4.476692838025172,2.035301193719115,2.8744620023611316,2.247403356674316,7.695253937979439,13.85531828824302,-3.0594943601222084,Adm18
-3.551753710156068,18.377923736755232,-10.567236590765885,-9.87741013792832,8.540005020702468,-7.988939363592995,-13.697767772300699,0.8197536348578711,2.8075379208531555,-0.3949267162339109,Adm19
-33.50337474025769,2.9445221411981852,0.644525240554968,-0.1581966439154701,-1.9293987902475123,-5.47240518918598,8.100278415450001,-9.030713602260361,10.84648577054484,1.0250833636662204,Adm20
-33.91256018065278,4.142134893585211,-7.582809333087348,-10.792161649296029,11.983982596633483,1.2775062670541513,3.2039779517750815,-9.192763103128058,-20.138066594266146,-2.055801940886112,Adm21
14.536242657925841,-7.159730067266043,-6.0701445732439705,18.170294791415916,3.851467150989238,-19.41545292088735,7.543032872880661,12.257918611313194,-0.050355934134272085,1.1965860840445879,Adm22
13.874606625067296,-8.870506534587498,-22.571204475214618,0.15566148989655523,1.953649148725529,-1.8868140566140053,-4.871136761658409,1.1239522046007873,-7.204031735228901,-9.129349749370911,Adm23
-6.1621784767897685,19.886932895199074,7.7975155358621056,-5.389618133497684,12.775642188380516,12.114402437308359,-2.555876246649649,9.61175959926442,3.620909182318077,-11.500202112601645,Adm24
-34.304819566728455,2.9245491381980093,-4.6001746822310245,14.048763949433281,-5.825692031651633,4.283964268637723,-5.578386481733732,2.3869454091550035,-13.11868185473324,0.9597416285089357,Adm25
12.711758666538172,-8.841765263916809,-12.449494509654564,-19.79133812909331,11.717446642181937,3.812977898158088,1.3352841583443598,1.3126960373128473,-10.565741069070953,-0.3018429064152623,Adm26
-34.67596469246959,3.3440818853985625,-6.798066639441713,11.942721824275473,4.393015374240498,3.243631121050847,6.316025776502934,-6.637878351496607,5.3472312645033995,1.6072005669034748,Adm27
-5.177488426244728,19.995458108655594,-1.0446239691673411,6.423473955548524,7.3609938668601,17.035971600142755,12.044095937781458,-5.939303795562865,14.755733225380375,4.141952379548402,Adm28
-34.07029253713039,3.4125779696924488,-4.99900180133367,14.384753901016467,3.858924823089231,10.650460285568172,5.253641475274149,1.243573421160405,5.022686877315994,10.69504160867994,Adm29
-5.3694754393764095,21.764986496089556,14.710986457581127,12.439810318098239,3.3872929003610475,2.172891148724802,-7.302815018335639,20.694868028693698,-12.835354435752043,-2.127618700166667,Adm30
-4.863985176017785,20.67961510917385,9.364008018732637,6.431450765378245,7.677676089340158,-12.931884630689618,0.8679677759647514,1.6087902943472572,5.911267408324857,-1.277810026628021,Adm31
-5.121074670746066,20.525832151930306,-4.172580635878789,0.8650290510017197,2.77945585258742,5.554520234738731,2.5707719548453487,3.9566712110086817,15.75285899424752,4.538222516266667,Adm32
-5.193156728869971,21.072946750139227,8.368735048456587,-5.990145559923647,3.8863445502318856,3.047914880567397,-8.52349280071254,-3.69300767069651,9.703259742746733,6.102749226044544,Adm33
13.70109872955438,-8.021494892911887,15.778144523807265,-16.23576794790598,-16.210566187588253,-9.615545730252993,-17.002279537646597,4.8041302386005205,11.24438882131073,-2.9452043531553804,Adm34
-5.007320728942711,19.502476606961878,2.9126993966238883,3.842749232591169,0.007826242877831934,-16.227208092326403,3.9445194924547584,-4.1604207374589635,12.571639053603738,13.757621603652622,Adm35
14.03285982313565,-8.916959757978054,7.987195538046195,-4.209595760979506,0.6323462395440183,-4.128842225937568,-8.678362931748133,28.661276591884732,0.5594483124714884,15.302477929137181,Adm36
-34.83455921260163,3.28270385506665,4.1989307704371095,0.5769983007545741,1.2058426441209824,7.667724644678406,1.153173946930404,-6.540772030408836,9.820987764745139,6.294821777530003,Adm37
-33.621730021138056,4.791595731821167,8.416668069892545,-6.377638591559604,1.8026749155722883,-6.893872873111822,-11.905324075805128,-12.018097817902046,-6.676229339269807,-0.5661795968055572,Adm38
-34.24969373398705,3.509195586538891,-1.2331927470451562,2.3742589760179817,-7.881828741508257,4.391670693268367,-13.223572074509294,-6.088970711764375,14.72642359582827,7.095771068093941,Adm39
-32.6336123029991,4.013747893396214,-3.901128746561105,-3.9093544490557957,-0.9928987399603301,9.039698518888207,10.982884308571405,14.017181184235094,4.085313815930816,-7.732570902707726,Adm40
12.946217833989078,-7.561961485634929,9.085711334146973,10.566601975450032,0.5717192082997032,4.668024896360175,-4.250657535007894,-1.7494701595653588,-0.25524978256559006,-7.932715606183187,Adm41
-4.51131051262254,20.551083981291587,-10.56961084086917,12.70110910419179,-8.127769898273964,-7.150517753956085,13.636440637751123,-3.7505796483098743,0.2946647359611441,0.39569033377617124,Adm42
-34.88188743129883,2.9780491576201937,1.0265041468469125,1.976231346886052,4.164978383940069,1.4089393204506657,-5.870663791692761,2.599404007950328,6.22517353281536,-4.805892891179227,Adm43
14.080131268733155,-8.325994270497015,9.668956057322998,-1.7058547978335765,-10.017323802260723,19.347177008315562,6.5160330814310585,-9.33041623701271,1.2816181805411224,15.733792452135456,Adm44
-5.77234112512,21.030264281629517,-2.3300652945652076,-6.212263296808735,3.087606651215502,-9.741987871327277,2.308084108049401,-17.68136181438914,-8.498693214178504,17.07973958417446,Adm45
-4.4646894152343455,20.81634333505938,0.8782848237920414,-4.192165110477313,-7.3405842427024215,-10.857904632768136,-4.453427900430877,-10.162037090399508,-17.658572636945205,-0.8416433120842616,Adm46
-33.822993668192346,3.194421232687963,-5.743153154297668,4.2055892745326116,3.5363019559804583,-2.4220049008459146,13.103516881397667,0.7919592481229183,-10.327502557154,-1.6151554722188555,Adm47
-3.9855529087662527,19.96815947943169,4.545250061585053,-8.743556562962247,4.258149121080832,10.833848281005547,-1.7345101724451546,-5.544446126866995,-13.737427982535818,3.3381900002672844,Adm48
-35.00327620285686,3.473929158935808,13.929448348581262,-4.927000818751772,-3.952947623255508,-7.060572077969723,0.8477086631953406,3.4881025874443377,6.682150140265821,-3.297095229775459,Adm49
11.834122571034152,-8.528919783363103,0.7050293615957504,-6.951654403113036,22.97523411818302,5.097138936966781,-3.286724572438725,-3.625994001902145,9.590402248705727,10.37845728643278,Adm50
14.461372012055442,-8.696175578217579,7.759149674690661,-8.159636854313721,-4.480623253834801,16.18652014093,10.213610071915834,11.424357047299292,-18.68925792777713,15.128477999068934,Adm51
13.537266638255373,-9.271778999821995,8.319655093304752,-1.0559281087186805,-3.1975821951256393,16.075791215690643,-5.062209481169365,-3.867669836458141,4.4676287527062435,-24.465457928003246,Adm52
-34.450364251756675,3.1292805479191794,-5.9115034729012,3.4630972763126873,-6.642199389486956,-2.48110210404559,-7.182816541067047,11.801103245969774,0.8624818824083148,3.97001171704514,Adm53
15.892834821819964,-8.983239923607787,-23.919118006666324,0.8895219333225833,5.539769691569269,-0.3255279552290465,-6.2329821599209785,4.673977601966172,13.484495061087308,9.31587315201853,Adm54
-5.2474524535305065,19.49619862811002,-5.137776540484001,10.621356663573007,0.9648438419657924,-2.7239124542646094,-2.481410101927428,7.095692898672742,-1.2179908452429353,-16.251364233205898,Adm55
-35.01839243893395,4.1369180359310755,3.5204266716787957,-11.034431016070341,-6.388091415172583,1.273009433109189,-2.2612318511860066,-0.7779983568282155,-3.583559897571206,-5.086912402911763,Adm56
12.842647763333867,-7.255678116059303,-16.780396808890078,-17.674793286446715,-13.244523662228003,-16.734253951787622,14.316306346900136,-1.5660111054642807,8.367405573266062,-2.403726103292157,Adm57
-6.122166353077054,19.736552765603648,-13.660200967856074,-8.270916431856902,-6.203192022213839,-1.1863561163755132,-0.9109209305313315,0.9889685153758968,-4.157051112042536,-0.7549902916084722,Adm58
13.943157730353139,-9.218590278299507,12.636388265124099,1.7345146534286338,0.20473913823206272,-3.567258790088881,0.5683221945237273,-12.73328733938919,-12.696049514302358,-7.589996282487687,Adm59
-34.579178310473424,3.1448399550085893,6.07436285513302,-8.601386555353383,-1.0800507580796692,-7.163421348675277,1.0836547815388273,-4.489968764527902,9.764429931568282,-7.99754758303293,Adm60
-52.86928051710632,31.74760744756839,-2.06819357952763,1.2190793793200545,-0.828635165885069,-0.6090656085122688,0.046118511247797485,0.11737635789465391,0.698959343009953,-0.6159719923090032,Pop1
-51.82651057650857,31.118109810856136,-1.6689753564751824,-0.8049513062407213,-1.328442793280294,-0.7436269900576877,-0.6067625627812194,-0.8770738467076405,-1.3837294810223957,0.5087037625907228,Pop1
-53.37575386456936,31.510765671132294,0.23332519891468154,-1.1736863197665535,-1.1546872098904777,-1.8040956035302393,-0.1909215891296017,2.257805029899911,-0.9153839084401542,-0.3241628833632709,Pop1
-53.26266459698727,31.007116707010574,1.3508640465142225,-1.1099470861260945,-1.3928494487438272,0.5218841737628088,-0.1430079001768843,1.4808445879459833,-0.2761528255309304,-0.6143142418229294,Pop1
-52.25304600933695,31.096325106056028,2.763311327225614,-0.553621546588766,-0.19494238399616245,0.5562722739178392,-0.5730583978820858,0.21212672032028052,1.273263206041099,0.28188803249896033,Pop1
-52.70913626784073,31.157689696002496,0.3809405639935665,-0.6464737972644786,0.4200593072420793,-1.3301965969865532,-2.5866911525496628,1.9235284655917304,-0.14542374818191753,0.3121660510011491,Pop1
-52.492325703297,30.696570257483778,-0.14015391440405262,0.3204289335676447,0.5753092994387691,0.12621936787759444,-2.022182065594152,0.22756872649684692,-0.8838089019835893,-0.2448269413508825,Pop1
-51.85853848796659,31.888251943542198,-1.0683702130821044,-1.4557624432323915,-0.04525355512311231,-0.10707141486027011,1.524750450389754,1.3881246665332647,0.5669340364116198,-0.1641465197888807,Pop1
-52.744012650171186,31.186379326395123,-0.2983475381983559,-0.5029672083494768,0.03008969501180575,-1.7811220251952087,-0.32638586367306016,1.0355890386707158,0.03666824212715797,-0.9067197154804502,Pop1
-51.67811232577055,30.860809087525354,0.04502212186588152,-1.3974836910861974,0.07204458638071712,-0.9340870401171223,-0.26654946535234986,2.3368728792078555,0.7263995562149688,0.9445916661570328,Pop1
-52.78308768292719,31.0564011754493,0.06378501514997502,-2.2073976412988445,-0.3981871069682753,0.4588179371120976,0.4647681462590771,0.7991919031157118,-0.03669083296824632,1.6687788551430516,Pop1
-52.340712269507435,29.905648627834804,1.002156628751829,-1.5515666123127356,-0.766150358498869,2.2223726471643848,0.49377178373414193,-1.4339267820572776,-0.5579413209540909,1.2897155077306102,Pop1
-52.63278113506272,31.120221744728205,0.7946335821461354,-0.5386470271354098,1.4744418119166374,0.6428288557387789,-1.5326860465298884,-0.38826615264748654,-1.4527764302580652,-0.5064181549657424,Pop1
-52.3152446524086,31.100994047480114,0.662821385267087,-0.6101236089791185,-1.2367358851203978,0.37826048712140026,-0.828198733567159,-1.1223804940595241,-0.8125947986004771,2.1373972020644616,Pop1
-52.16238379749917,30.317047696064346,0.720524224231487,-0.9705022620317371,-0.8330121375893473,0.045875275973616875,-0.22945428171608315,-0.6809645825669327,-0.0046307040023800235,0.46126736606121427,Pop1
-51.835379097345886,31.367778653071692,0.020220568068597417,-1.191365138728096,0.8642492743029753,-0.5526581576073821,-0.7379221735280113,-0.07256705984436683,-1.3612020333056325,0.1335511516519462,Pop1
-52.42088774363356,30.98533929025863,1.051115582721013,0.4478808588900965,-0.34377378419068105,0.49106779083214996,0.03187990016165807,1.0208866497176399,-1.0423880430024068,-1.8047741727996698,Pop1
-53.19647155926302,31.76191891516621,1.1309055642967816,-0.6930733894449045,-0.006113935137508877,1.3059401154167696,2.0431008836266358,2.0674376202504128,-1.7611004646422204,-0.6037044676516921,Pop1
-52.73749420659807,31.284579455071466,-1.2683035499673045,-0.8874864864837072,-0.009532509274548013,0.17611397477505486,-0.40063355218017016,1.1737201503801238,1.0355635134148213,1.8654294414075046,Pop1
-52.68311892254356,30.98762794526067,-0.08892341679764508,-0.609126056472974,-1.041627858994818,0.5687823241576008,-1.4318019757921574,-0.026594787270877933,-0.7408922193470507,-0.749444947217621,Pop1
-52.746221926722534,31.297331320559223,-0.5664331589790316,0.16668708136404334,-0.4720327597022715,-0.20896547210653285,0.5521420115048695,-1.6891175444413264,-1.9555746748386413,1.5023645628767304,Pop1
-53.540886954583414,30.70497541167135,-0.21263243448925143,-0.8497174355415329,-0.5256047934860391,-2.5083684677590905,1.0979606995101134,3.0002318502780216,-1.8009795048847401,0.6777790340129708,Pop1
-52.2839182641864,30.772596783931995,1.4527854223072405,-0.46378452044584473,-2.3638135661605566,-0.7863216069646235,-0.48308418967480926,1.3395319536396757,0.22706329797777622,1.315399487989605,Pop1
-52.48872102576627,31.19233725473124,0.8463948971184982,-0.5989799693188131,-0.6808863858680628,-0.1620362155710967,-0.17155688763761812,0.007224190183602867,-2.2479855092579166,1.590960740768929,Pop1
-52.76185881634975,30.89280493667411,1.5301239782938632,1.1175647053379216,-0.8565149210614011,-2.8079377056360673,0.3149482306344596,1.9751163718166687,-0.5608164897282794,0.6309238567276438,Pop1
-52.456591296592784,30.338920636806108,0.34728329247008755,-0.24719125983809034,-1.7500204457319883,0.5760865694166345,-0.2728414153685919,-0.8406547856239618,0.20227079207050083,0.09373919103584874,Pop1
-53.102933654096354,30.37114516853004,1.2847230562581213,0.9183329328568689,-0.9092392201851567,0.7892635047931067,-0.23750758329330815,-0.9249672195868369,0.3663297893884093,-0.3846718979086585,Pop1
-52.079098222248966,31.161728672963626,-1.9836733458618518,1.5665236771350581,-3.47753421550863,-0.5433414383878861,-1.1261906489391116,-1.2026549462194238,1.8771695027539805,0.6324038385331373,Pop1
-53.042307167404786,30.21402696147486,-0.8649373759688365,0.836530321550442,0.766050718081426,-0.8915374216872017,-1.0425604574717688,-1.724843320679038,1.4246892581388435,0.9553646014463253,Pop1
-52.632591991140494,31.848143446424373,2.098815077506057,-2.5330171031166704,-0.11092078328726118,4.175016348885945,-0.29615766344086697,0.3549378553584322,-2.2906147683097933,-1.5410120953553734,Pop1
-52.64899939229779,31.741076838463698,0.12270242997120556,-0.06388656472227054,0.7201031482704825,0.3994879105453534,-0.20362431545397855,-0.7984330756480317,0.1973967309701641,-0.02575843027529913,Pop1
-53.19361047662249,30.95856535135002,0.01787008136493991,-0.6687549021022532,-1.990889568882504,-0.6462162204040753,0.07911641954741595,0.5451579236232938,-2.100855673942887,1.3376582470399814,Pop1
-52.76398285057464,31.704317639015144,-1.6640666385210685,-1.2406876523561488,0.20944186816826668,-1.98281269164022,0.9621904414137659,0.509372292665005,0.5804537973000443,-0.5253797184025737,Pop1
-53.018948252573296,30.557536063128225,1.342972264353496,0.48110682364475776,-1.4702020075356155,-2.5019796175068083,2.1877044658355973,-0.6786722228689078,0.2340117164299476,-0.7620196839124874,Pop1
-52.64529023258052,30.846387119741795,2.2929362465075602,1.163509020188222,-0.26446643255214836,0.9730349360052314,0.5161353613329345,0.9342602280692509,2.4976435375080466,0.8173632208820447,Pop1
-52.12617647624017,31.327725198537234,1.950165564778192,0.37349786413468267,1.6801718366374783,-2.848957763706451,0.03545247938610009,-1.8191665677319364,-0.093612085947786,3.090088324550494,Pop1
-53.28159505487157,30.938577106416577,0.8008892645286959,0.6560986992066785,0.9108861387104729,0.6033106801594504,-0.22504987064203824,0.17483638663925213,-0.19236340008252054,0.4453431339953046,Pop1
-53.95934761798272,32.20518413781848,1.0718732386979049,0.5388879631928996,0.5160456243345038,0.9021380829411214,-2.3746727309137614,-1.3705647451049565,-1.3085258037187368,-1.666669815445643,Pop1
-52.99763050636829,31.678258107776383,-1.2665890571748069,0.6894539725602539,-0.7391121786283723,0.4987223167045155,-0.6743475495776983,2.3246647063943673,-0.3748552658364609,0.7334047371670238,Pop1
-52.34061885114475,30.577489490655655,-0.7611198335853111,1.1717001189121048,-0.8008631646799511,-0.12242602978892954,1.4636492714042353,-1.1289580639497245,0.010793990222923183,1.3437461128124961,Pop1
42.96425095632637,7.875879822088809,1.5834179961716413,1.4490169026535193,-3.6387936512063193,3.262384984238084,-2.6501332239199265,0.6389491268720091,2.5377396966199135,-10.658491065455104,Pop2
41.86135079659694,8.010410763566547,1.1645898184478032,-0.861793547740099,-4.111905478863274,2.608363460369734,-0.31318155287011473,0.9699449325580053,-4.533894475491834,0.4369138368981887,Pop2
42.594967078339124,8.681693786532472,-2.328970605901482,0.6985559136359349,1.310555412189518,-0.10152667964140391,-0.28698468449556364,-0.3859901307644253,-0.5958987435176115,-0.6320205525199696,Pop2
42.27441759363375,7.605418815811074,8.51616534037365,9.412841033086302,2.023071453414907,-0.021387009953494757,9.226142884605583,-7.750716773509734,-1.3758270630462424,-2.3453664926982305,Pop2
42.41939378374621,9.294539865404273,0.6337090574979071,2.10319453328184,1.3804470057892724,-1.3423126458412695,0.8532483911910852,-0.28369158392219457,0.4783757810066793,0.48832438078097523,Pop2
42.69111626506632,8.814784097856169,-1.487365559803978,-1.282508532792154,-0.8321809979005778,0.794414888963858,-0.7072179675510717,-3.0051623587495087,1.0727990046566516,0.7594956524646744,Pop2
42.1981080769311,9.05997049431916,-3.780725647278481,9.564498016361526,3.632988317961045,-6.254697977782684,-0.559509321425361,-2.7471079319204628,-0.7741474874051695,-7.564898006561737,Pop2
42.446377406145416,8.351103535508102,-0.10757812780219236,-0.08106758579006486,1.8607650825653017,2.2684849129096376,2.3751834267956613,1.5511301217842197,-1.0541727997184311,2.9549796302076703,Pop2
41.71573510024746,8.308363606635773,-0.711397181770314,6.856161610236808,-2.4611388929730977,1.0905567013965998,-15.755657894855856,-3.42908190242375,-2.6504151760618724,10.770972755582669,Pop2
42.484936592657824,8.078066993338476,4.189986284315325,-3.1755769645955905,12.563677176869808,-1.567356201909917,3.2491691517675614,-0.7701627212950374,-1.2905388070304533,1.5728260138429917,Pop2
41.1485547235909,8.051477289306522,-1.6709211389237484,2.0670540774079567,-2.1303636699300506,0.9567693787214046,-0.24405743467852817,1.3419176655749627,-0.029410800704692912,-0.16628249923463306,Pop2
42.65895285137723,8.373090863080646,9.101780592643237,-0.8485474764050552,-3.7154025735109126,-8.357475008944391,11.529498787057657,4.219226628668057,-2.643975440145772,7.095203516381669,Pop2
43.066519959902394,8.74041969185624,-4.605723675332936,-1.6566612476503415,0.784755977698742,10.956592828052726,-1.1708313379134463,-6.032298453544147,2.898956130864489,2.1400619686985385,Pop2
42.34604216073081,8.553764415055037,-2.9953350544343786,-1.287572843784641,-1.483186699103511,6.797162741247418,6.793443397818962,8.204393450110414,-6.258997394033863,-2.1127771069806394,Pop2
43.04364850310891,9.33497817643815,-6.6868115453236525,-2.8212401226277275,-14.088637250424075,5.316163531652527,1.5956937981772097,-6.59772310943753,0.5593646617324094,-1.4887692013878493,Pop2
42.68649756551429,7.766331045727782,-1.3220290702488293,-2.3172047090718997,-0.02675074676508371,-1.1415757361083045,-0.8654278679247476,1.5269516016908606,1.268511386000095,-0.9708655940268032,Pop2
42.952320493757995,8.325335030607246,-0.11241748922343388,1.498509586298094,-1.464329525193454,-2.6691922286978502,-0.06603759403031291,-0.8284336012835488,0.7116988765356934,1.6361834196532992,Pop2
42.71570417982098,7.7309557695328746,0.28310336760905613,-0.5311565270704453,0.5976865547526411,1.17477774855158,0.7183915316237732,-0.013350211962046549,2.870668330052542,1.709883184868822,Pop2
43.26077402911626,7.239740771976069,-6.275748216730587,-3.6400343212585313,2.7044938947505965,-3.304111038475865,-5.284942272993743,-1.0204708725275247,2.1239236587013153,-1.2023064616702195,Pop2
42.52989116508309,7.797216294288773,0.3339379317787843,-1.049132602090429,-0.2692361999590522,-1.1040071962239402,-2.0712269022276444,1.7583232334970997,0.6410339719113771,-1.3758538037641448,Pop2
41.591552606355656,8.349697546692331,0.7062623878781238,0.7686169298578657,-1.5290748903167064,0.6928344855488346,-2.063664618523124,-0.14854753613315413,0.43234357640243204,1.0453250036046682,Pop2
42.4216956665126,7.583368254619248,-3.1886688734196453,8.331968405753063,2.8037714784069965,-7.968531803246231,5.465708770602821,5.153642542131052,0.7029335992537138,1.2685389062995232,Pop2
41.52627934387948,8.52122609877688,-12.66827501610048,-0.21346876551128527,0.7531949706115041,-0.8378512198376966,-3.055843404716695,2.405086705258714,-3.3996154346380942,-5.875617811406985,Pop2
42.10574784380513,8.865164285143543,5.425760250619518,-2.9977574356852212,7.15081032674513,6.192819660700117,-0.6710524986370898,4.612768537522937,1.003696395929749,-5.980713852026924,Pop2
41.97159390105149,8.94381311813474,0.6589376233577742,-0.2502466350876791,-0.7097760480462637,-0.9658633571151987,0.6631253306153279,-0.706517231338319,-1.1428806898365187,-1.1748468545648545,Pop2
42.933048505296604,7.5704732804824655,-5.755528929728201,-9.032703055782552,5.622949301887514,1.6757899647220904,1.1847532352810735,0.6864575319967063,-5.032132575689683,-0.4296917241606925,Pop2
42.6452246618281,9.293493192506777,-1.728638174010254,-0.5104542030623265,0.5673300229446877,1.054086523348577,-0.014837321991779576,0.8047422380741193,1.0988204541979554,-0.3745820129987868,Pop2
42.07412379780618,8.01763844392123,-1.6867000623804222,3.579021716647084,4.756886385344087,8.281573691405276,7.334823410820756,-3.8146632900459134,7.685730001792068,0.9305084770621846,Pop2
42.360286006200745,8.125259420955622,-0.33624127421196387,0.9810838539976333,-0.7297175435805326,-1.5767167339101067,-0.4958821784889653,-1.600409205347302,0.7417422927141621,0.6149508582028841,Pop2
42.62293998876302,9.0750512723605,8.616762360877322,6.767373369381721,0.8152921636782046,0.4628507560338324,-4.4663081286872615,10.740029538693495,-6.304514196522152,-1.937548372256453,Pop2
42.84987918932288,9.017282909143576,5.628417296958217,1.5846030281771188,5.520767103016813,-6.84004487781836,0.5179905207135415,0.6689706564343455,3.8727358229351956,-3.0272440038314206,Pop2
42.286176514781715,8.278536634324302,-1.9772211325556215,1.2937891051820267,1.7777610811618891,2.600763127455956,0.8611819606172735,2.1102700836001147,7.68889474333292,2.1357014686291054,Pop2
42.63305747957102,8.616334564523424,3.3717410059041213,-3.4768492753347044,2.8817347263177666,1.4424351371156623,-4.542506900387001,-3.1844983352355323,4.580825623651397,4.475823383643554,Pop2
42.5108589863541,8.134742760113404,8.737195160600061,-7.173239380438832,-8.71757340535102,-3.393154612853182,-8.143635481880908,2.535988194945152,5.253208827539755,-0.998031300006771,Pop2
42.962662083531356,7.690368973666595,0.8563347679916243,2.9405885199389608,0.3992065194725644,-8.935344957869887,1.9757509830057742,-2.0041867184206614,7.371685149806584,6.312927587764517,Pop2
42.32795752683057,7.772241928666986,3.305422061038389,-3.0129574538141926,0.04881311592930353,-3.052928241135736,-4.351768600813527,13.895184828298916,-0.9695872259319903,7.154654648969978,Pop2
42.26659411557321,8.84944218892527,1.2237549116495603,0.09101076689145068,-0.055377983156888244,0.12442052855978876,-0.09009283744044284,0.32172465982866655,1.239060068779638,1.9637340063349051,Pop2
43.05379060153712,8.026284014052552,-1.8099518786887816,-2.012998588242398,-1.5056266204042386,-0.325243743719805,1.091764138852094,0.12233275406302682,1.3238045616715979,1.0801956233092962,Pop2
41.866115363998425,7.561687806180097,1.6521555911141488,0.18956678818771103,-0.011315337979689607,1.8411356817894005,-0.18075357082324484,-0.04896004767703608,-0.35457235232824064,-0.6250234524410823,Pop2
41.82598053917749,9.53456990452565,-0.15948846564635422,0.09986663077848593,-0.565305835832657,-1.0534201590350094,-0.6654545141887552,1.2341289114110032,-1.2871697060041811,-1.28427147861932,Pop2
42.29853502624552,8.674741566577978,2.764095180699918,5.759588139339672,-0.12586034185869358,1.5204396570761873,-2.809066428033414,-2.7703850338360434,0.36674593041284487,-3.849883360058139,Pop2
43.09674781416732,9.672920848047175,-4.771641968551551,7.815073613144449,-3.7376486114683325,-1.9440673483891124,7.725394027646918,-1.6087534481914967,1.360686108697638,-1.5777114994164636,Pop2
42.364649140814436,8.593886642861703,0.9058354224902452,1.3086860778741973,0.7558125284368404,0.49705311516258255,-1.7038608564632551,-0.09528449398010413,-0.743882212966511,1.0829271660319524,Pop2
42.25362142600032,7.814397978691144,4.45313598372637,-0.39654763236769003,-5.5344408175169315,9.3840225818021,4.1712183710990445,-5.848931432117841,1.2824475728635445,5.57349581823946,Pop2
43.05736357653195,8.756172075735863,-0.34624678299781914,-2.938095051996359,1.5972078700555237,-5.398984031213573,2.0230999436571047,-8.639492382594824,-5.148008620057832,8.84459599688628,Pop2
42.70156969042756,8.384216043424603,1.3124269257810268,-2.485465700236145,-5.176143036264875,-5.137576449338997,-3.755440689347406,-4.466870811616468,-9.457291364103554,-2.02116083465101,Pop2
42.26198053743915,9.246485264945514,-0.6742168812666929,2.180323168646071,0.7530708461843924,-0.5986380404440397,0.21430491471140967,0.5503723463347098,0.5684015377169687,-0.007029294397531771,Pop2
42.15568424737022,9.121129162429202,2.460408972082592,-5.860485120642466,2.521017928378398,6.416881287492965,-2.7099480892601395,-3.0523306883623356,-6.5198326728844265,1.7978487402226873,Pop2
42.79853934947825,9.39783002447593,1.0489119864244025,-1.5297127073042718,-0.2372431982877294,-0.5223567598958289,-0.2679208677958603,-0.4021050510816792,0.6321167383620112,0.38488913233725297,Pop2
41.29497837195643,7.7238141808266025,0.013235267928001343,-2.230461646217847,12.06290125314672,2.1019600244086285,-3.095622040302323,-2.8560723182075938,3.4675963337300364,3.9924334654333604,Pop2
42.54082681469701,8.382677228398004,4.051261080432397,-2.471574644995162,-2.482635092852455,8.919771776099157,4.594529389703562,5.367262709931535,-7.806466732305126,4.579757951108582,Pop2
43.30784455093446,7.811603840767523,4.589626441793798,-0.36858687530340284,-3.657292175126542,6.6183605381996395,-2.4501763283463496,-0.9747258350534134,1.6449303746434711,-10.616190174198634,Pop2
42.9766674118902,8.577727009058183,1.647838187038148,1.8859426378578994,1.4786937139832699,-0.9645485641778935,-0.828993037367659,-0.44606702437343065,-0.2575162358820213,0.47208659374954764,Pop2
43.28288401458758,8.420049732403788,-10.662925181014408,0.3197597019088758,2.202125140739018,-0.872962360018554,-3.1705155239927727,1.7238865898205518,6.861610466383279,2.818985784554314,Pop2
41.993672163762696,8.986772459386646,-2.1737646418731105,6.423336589530389,0.7728291970099791,-2.236355666538163,-1.3033613841539402,2.20723394483669,-0.6727014236716259,-8.587756896401267,Pop2
42.419996089790146,9.11633343304058,-1.4126923461222254,1.1917671715261988,-1.5023159795749614,-0.2714672157060625,-0.20506211511591196,-1.4503794849141372,0.6338846667287789,-0.6993910854633617,Pop2
42.38484087503305,9.24626953690617,-8.270069032858913,-7.893207441958893,-5.95850558921181,-9.274033439481531,4.368559639825538,-0.45600942594156235,4.768731510324334,-0.3204011903392954,Pop2
41.622316271860456,9.29960603882849,-6.949815006632234,-3.4974867765614137,-1.8763246400439508,-0.7582720938466198,-2.0684318958623193,0.8777402336397754,-1.4108856283330715,-1.396893538961707,Pop2
41.53074945755133,7.8862290119492275,5.459721387355469,-0.5376660281915487,-0.1629688765170992,-1.1917399635265433,-0.7996236878381413,-6.099211012482182,-7.350335533972538,-4.193459276727078,Pop2
42.05868168446736,7.342548335778778,-0.5376695455385764,0.21931444767227934,-1.4336272561947292,0.3992700714868792,-1.0890743311831523,-0.18583592012296915,0.08121824119802998,-0.39438449003654547,Pop2
42.36364284224305,7.7925856006256335,0.3813264253157979,-1.4178764298812963,-0.4932987133338272,-0.5629326304738833,1.4914849482378323,-0.29882181948813674,-0.10925890640458734,0.36713877365524333,Pop2
41.291567177622085,9.359323520406049,0.7433375734660413,-2.3195485734443726,0.8519260539937517,-0.958174351447008,1.4365496439303642,-0.1872539747942407,-0.05198117273091019,-1.0907182506872142,Pop2
41.6391630457826,7.17841709640767,1.256914305908082,0.7076082616047739,0.5661618257067846,0.7156619663927897,-0.9746363666051547,-0.883216852998303,1.8972671147874076,1.8682494459664976,Pop2
42.40443619665985,7.737087459075732,-1.5703748671386053,-2.8025644940773633,-1.3028199318253233,0.05303939961787578,0.7507485860842951,-1.1790538952930134,-0.040557536497808855,-1.2985853948639081,Pop2
43.00886316675509,8.306610721621125,-0.6588321683186315,-0.6286607422044438,-0.5601272424135155,0.0873949961222117,-0.6405768334542625,0.4587782441232413,-0.8165226571786303,-0.5343606706034232,Pop2
42.58247806692692,7.8290804967499374,1.1875091665714292,-0.31898896395265963,-1.6530284703776152,-2.050346260508165,-0.16390524113220636,1.7043408695785887,0.6913014198796233,-0.44344640331865415,Pop2
42.30182428511148,7.629037205818202,-0.391847242869389,0.07270148055532166,-0.6649520453812494,1.871675205107757,0.4251167241258886,2.0362405730747315,1.4106757977217923,-1.2352826151299972,Pop2
42.060357502649005,7.766255398992261,0.055415101075829566,-1.2370380905173815,-0.01743483463641464,-0.24589990929414343,0.03110375489011158,0.7432265627504466,1.8150008835331768,-2.152151958703735,Pop2
42.90390846369194,8.14104895521946,-0.27608451319338284,-0.04066316323469595,-1.5261437887220208,-1.3836973964641108,-1.9374988599371934,0.2253439330944927,-0.2986272998557157,2.2879996968289498,Pop2
42.156659804437844,8.009010739425435,0.08887557582712384,-1.0213217536292485,0.8466501327232576,0.3802803518133755,0.9974489926564409,2.0037658990799065,1.499087475855036,-0.9279423829034235,Pop2
43.22270413270338,8.178584714455793,-1.1673912900715704,0.3418092057209907,-1.456044793808702,0.21865922469642401,-1.590931814828593,-0.9101495340234654,1.2196859425846531,-1.4048208552628891,Pop2
42.76651232348364,8.032007962282595,1.9221709507829596,0.8042279487309117,-0.18184891747195073,1.9297525649953053,-0.43016052554637874,-0.11730864931610831,-1.4554163934581554,-0.9413548350630409,Pop2
42.389330350635035,8.571928148226245,-0.7105203066400704,-2.1751101350709394,-0.1594203286240399,-3.038036659700679,0.05634424535222232,0.61450044375085,-0.4867385567326968,-0.289861150191589,Pop2
42.96369278436424,8.51147100435004,-0.5774526755885282,0.8125877491007438,0.5809743038990809,-1.983022121956298,0.6968786530559313,0.34612737593495396,1.6483102380900447,-0.8925473355212582,Pop2
41.743912663327386,7.580366073576791,-0.6559661565765192,0.11646892584821796,0.04297243092752679,0.30126303700017093,-0.8071144388974968,-0.35125493518286427,-0.8099085371493158,0.41773926894075153,Pop2
43.39734720822535,7.930305435156474,-0.5324512525299402,-0.25287424207827847,1.1094992027943456,1.3283293277630166,-0.9817269548676716,1.641834335498529,2.3400071098461033,0.9652625447652319,Pop2
42.15430940101428,9.093474117580682,-1.0647968617274872,-0.44690401832892007,-1.3091288336625622,-0.23970115343445403,-2.1528874659937216,-1.4914244292414813,0.07681137242470935,-1.2806683512132082,Pop2
41.33931758114114,8.533019519974783,0.8625587211245066,0.4239543509156614,-0.2749978759608171,0.16565102824944108,1.5022975255733308,0.04550928849416633,-0.26377343200200104,-1.5629979214683394,Pop2
41.713671316270826,7.9143522515283005,-0.14396298287261838,0.18500182744696617,-0.9371500233812913,-0.3817260517649199,-1.8779504135100897,-0.5074815049314158,0.5533762845340874,0.13804736839762471,Pop2
42.28590548382009,8.15100706397594,-0.8902412423065724,-0.24987736138780245,0.6886914966567179,-0.14137086032662727,1.5981584177267156,-0.8687216488595838,0.0569251148491756,-0.08153580487354525,Pop2
42.20869834021914,8.619660644544213,-0.8259707992288209,-0.08824929615435023,0.44707157055648505,1.8549996172339107,0.2775720103585959,0.8981296896203835,0.76822575221703,-0.8174397737591238,Pop2
42.53168699725907,9.47832527751809,-0.41907212863065474,-1.8495817402896648,1.2694818299309911,-1.166109962744552,2.357383620425852,-1.9579997760420993,0.2162495177013781,-1.0812563905677175,Pop2
42.823848798890204,8.238711919490589,0.012511247435133993,0.038514845404720055,0.5368602670199516,-1.5427880135622236,2.6100868267710378,-0.4052212234094061,1.498951691682723,-1.104728628401349,Pop2
41.96091134969978,8.839009149701074,0.03591759139657493,0.4607561101517214,-2.256507020815114,0.8787668029269753,0.27712057030681003,-0.24393330320360604,-0.7157524797171663,0.8265093206465076,Pop2
41.35161967369691,8.10714067649301,3.2528123410525804,2.372808873733629,0.5983330567524563,-1.6363453882028267,-0.3601194491773757,1.305923799237649,0.2969299457133879,-1.0032697731172806,Pop2
42.396133725818764,7.9194179974736585,-0.5339511312519458,-1.2768859258284249,1.2625215048652878,0.8051700325620504,-1.569796945521542,-1.0867148201149237,-1.3268851867882934,-0.6732299136355635,Pop2
41.91159553184866,8.343671942583718,0.3145274532390904,0.8097591059120173,-2.077118629497347,0.7128124971398526,-0.07448897701499355,1.0447498971662292,-1.386044795605801,-1.7553407943567154,Pop2
42.45552760172524,9.006895875762261,0.1266994348075934,0.6467241784429012,1.1432759877388083,1.2842264764607965,-1.1215812821321123,-0.1469319356067224,-0.3862024956121931,-0.4708166554054424,Pop2
42.258678248228556,8.021676723186536,-2.2274560391359617,0.006931462834999601,1.1531878654695784,-1.2453554745822644,-0.944294464324009,1.528792657518086,2.795165932645575,1.2910438455025732,Pop2
42.01387604955204,8.48706529765033,1.0071407583854377,0.26737810289956687,0.01461892962647275,-1.5225612783319689,0.8627676485825806,-0.21747230762067915,0.08636282741848712,-2.5039538055877286,Pop2
43.24868961558189,8.851003781227563,0.6676944795046322,0.39846586516152716,-2.0862060012096166,-1.0336485891651555,-0.174018468403308,0.7340464055923196,1.4641100039141197,-1.5353515815050227,Pop2
42.465030666027864,8.155043004853951,2.3354633389279913,-3.513898485388496,0.24600818750017303,-0.7754050710894924,-0.030439240309007833,-0.21727989358828592,-0.38448342744040076,-1.812279120185367,Pop2
42.09319241767922,7.818100862342296,-0.733928568278609,0.044703386504170994,-0.39471983775261643,-0.5009813199550571,0.3957825064957154,-0.3876426048946699,-1.3145542242139299,0.4422835479795056,Pop2
42.75607498448163,7.399599646865364,-0.05736590554349933,-0.23965403819725375,0.15443723233842727,-1.0653778393519044,0.7748338695295296,1.6466090189552087,-1.3556649138635948,1.0053094613647813,Pop2
41.41946100692835,7.895308808287302,-0.4193352193676481,-0.20350627863155593,-0.8578420087201323,-0.6974412822902442,-0.5232569234837254,0.8813188768520933,-0.8415469200287735,0.8019180262416284,Pop2
42.15201706748761,9.782136242997865,-0.714610583136542,0.8440729496735667,-1.0533864198256169,0.980192335006094,-1.6478935510553003,-0.5773106477472914,0.6227834881157299,-3.7326668061215273,Pop2
42.61420576556358,8.18678287288775,-0.5556377499367269,-0.7454366237604859,-0.034674357888180816,-1.2583764394472585,-0.12057407398393215,-1.620376210244083,1.4982692975526641,-0.6271673820164808,Pop2
42.16761673438239,8.449864713165166,-0.9065631489040371,-2.3015331821893477,-1.7111765140339974,-2.041538166220104,1.3478102041242224,-2.0652212517604407,1.7670231372337033,-0.7200238355458588,Pop2
42.431112598585884,8.948824085838691,0.6269503845513636,-1.3580588402174938,-0.7384736896684723,-0.7201683435332107,2.0353335355758366,-0.3008153174699783,1.7426104201332613,-0.22025697551891613,Pop2
42.52321998557378,8.274004350717735,0.4777087084803654,-0.6860585479380281,0.8048247018854336,0.340885500460642,-0.10216933700960691,0.6642286704759314,-0.4026951207147296,0.9646092342492187,Pop2
-15.635069994126459,-24.73384862102748,4.226217224254623,4.4375426749949956,-6.9310294054595705,4.745622261285121,-4.741635882951947,6.4867586697271475,-1.452102222955818,-12.721500758784837,Pop3
-15.246601308722168,-22.703164907330486,-0.2882845136295936,0.9467354406014319,-2.551623719219567,-0.14415171598613247,-0.24730664890742363,2.111297609061132,-0.458001925988288,-1.0519602047759369,Pop3
-15.737677002085425,-23.425742724663902,-0.6047339091715053,-0.8952602273304541,11.159322140809271,0.7298549566547835,-3.005853126227421,3.8140659160811556,-2.1006717657096154,-6.401818273115346,Pop3
-15.223443170328236,-23.489503481919428,9.338548600724545,17.497720459518206,3.4494073685718534,1.5717903284838302,9.173113481281252,-12.50989852678981,1.2547925736802996,-3.1059703130437484,Pop3
-15.633921642648891,-22.89876843075227,0.23652009669240528,-1.955074371991386,-11.907824832500205,0.7484613928341477,4.792102597623561,-5.476394338407994,-0.6098598503969498,1.6383470678928946,Pop3
-16.054221205418916,-23.235986785522723,-0.42338072656971903,-4.825365663973114,6.058254615776312,-8.013971080040733,-2.1510663121091436,-10.233009290512381,-1.859365026142007,-7.058452342191742,Pop3
-15.673686013258784,-23.320889422529863,-0.46849011372422716,-0.48796271712387135,1.4411412647182593,-1.18952123251758,-1.0508941455212282,2.067818101154242,-0.1635604461701741,2.611766803781472,Pop3
-15.624398318702,-24.557517678516586,1.1640268360040549,1.7947061351602087,4.672517979624283,-0.677380005849479,2.7481271160493033,5.187957622856435,-3.217570729207721,2.5224047003450623,Pop3
-16.02415464232327,-23.932852467124533,-2.549829940051919,11.712506146495894,-3.2202004898507486,-3.888969720055423,-23.546246648407468,-6.3884323926151865,-8.629741100722379,13.663013914012737,Pop3
-16.32648636379562,-24.088550124106916,6.114375745064531,-3.907291225494989,17.926937193746433,-4.917723660555238,2.0135191011988542,-4.454906890062092,-4.534834036507723,4.133601335133688,Pop3
-15.522277826416254,-23.080009754612586,1.0543906792942195,-4.625595403544338,8.45195011484053,-3.3082863644257756,8.257799094648247,-0.2163478319238846,5.642700873409321,-4.536969012061153,Pop3
-15.687200575421317,-23.676915210216706,12.101740792621612,-0.3844863777239611,-9.146745549244093,-10.396222233223044,15.177266992067672,8.103528854652437,-1.5368201457474757,10.797500503102741,Pop3
-15.480491971708272,-22.105775620291343,2.286134128950582,0.11928718897369714,-0.958438180077105,-2.0535284746164875,-1.8981231203396398,0.39650859189860155,0.14256587417848096,-1.2453363311600925,Pop3
-15.199660954372455,-23.229310192804263,0.6607371819998639,0.15539602003251102,3.326698883250649,3.0450618832180814,-1.523680837400726,-2.684877453039747,-3.00482841671073,0.9517858495026496,Pop3
-15.965495918033104,-22.162519922160598,-6.30944425335911,-0.40149591423722997,-19.372935151041677,6.3063010283573195,2.594682794605829,-5.383924156661472,-0.5127563024130082,-1.4676218747101577,Pop3
-15.342636780023124,-23.616659130301162,-11.057653313698175,3.5288656603413013,-2.8657887842409355,2.7690001501592048,-1.494278234182994,7.1843327163361,-0.9883721084387883,3.363910165346986,Pop3
-16.065369547183256,-22.546880087203323,-1.4217854011259137,6.542978448821322,-5.799145026824162,0.17360918901796699,1.1376540117826277,-0.6349325948600503,0.048983733035378244,-5.057795693787653,Pop3
-15.066390031978722,-23.573349536886425,7.013117549241916,-5.306846238323946,1.858561158447048,3.257890221902558,0.4862481105009863,6.233447103278259,12.643022911347389,-3.609128570656563,Pop3
-16.07382145141927,-23.10021443784205,-0.31452791410723524,-1.6131325369155323,1.5960029173669863,-0.5618150693414276,0.6742718418269278,2.1133252407554743,0.6030282280466441,0.8624168444891457,Pop3
-14.624448675714282,-23.46145462258317,-0.332658883549258,-0.5709708645267317,-0.6723467763108063,-5.117758249618145,6.8951090780311635,-8.465968906464584,9.655624568894458,0.43074499412432693,Pop3
-15.054999252754827,-23.56742198161502,-6.307722500178674,-9.370840726095011,10.370637335736479,0.8611056779864703,2.363013167276133,-5.685723897743611,-17.10442122741035,-3.266597472616558,Pop3
-15.028676874108148,-23.72404708936077,-3.3004419557837315,12.70365825795365,3.1295089777876024,-14.643237049138015,3.7411664843295744,9.057355664141227,-0.2481924793030621,-0.30302555299834916,Pop3
-15.323788794564168,-23.83882976128907,-14.459594936268365,-0.7540409712444023,0.6956434618206385,-2.178628899386736,-3.7199326773284813,0.27316395435934454,-4.14623180223844,-5.718025179500483,Pop3
-14.465964517016072,-23.676621498724977,-3.991166360464409,0.5477293546337213,0.9884510372948018,2.81820291787609,0.32790720407883406,-1.002973510737202,2.656685034360505,-2.323842450596668,Pop3
-14.914497126630357,-23.630829140479992,-2.996672747201945,12.604705040889296,-4.807663674316385,3.80129535106807,-3.035893228199836,3.7519093999524764,-11.457066633646386,1.6276603721932308,Pop3
-16.71062552239966,-24.192653151049576,-8.798467401730443,-14.82846707034532,7.083960970437672,2.284860621199131,0.5835160091770527,2.1328388071860798,-7.124995949574417,-0.1589497127617397,Pop3
-15.9597602453279,-23.946237672777738,-5.090411155528449,11.703446162738228,4.710714524460678,3.871816241171014,5.13801581924958,-5.385553402125809,4.776751275614152,0.09550254926688911,Pop3
-16.086904353151613,-23.832102353306205,0.06093167085617221,-0.36467032354127776,0.22828706311610197,-0.9208953348686244,-2.852030020046507,-3.0583771255013876,0.5479885653225051,0.4132052155393897,Pop3
-16.040776468869677,-23.575582083349815,-3.520224102051298,10.763515925603096,3.9097179841981244,8.824543110376686,4.066390793590466,1.8212328814253842,2.828034669104006,9.170561398064269,Pop3
-15.67360892348011,-24.678304330482657,0.30565674775997614,1.4531624070130882,2.9860365533068505,-0.09554324629298999,-3.962683434068651,0.4374190342180009,-0.8438144402075113,-1.9689990275984275,Pop3
-14.842507813118436,-23.83200798976371,4.497722324351397,1.4332884144313542,0.3694362329380547,-0.6061527480396441,-1.1290522224947108,0.017291403115928302,2.2623721135845485,-0.444882222327626,Pop3
-16.84250488479906,-23.206366473204657,1.0268532120708418,0.5900031369240025,-1.623332669802406,-0.9088844804559411,-0.4671966546728179,-1.5379228714241377,-1.5525517549584449,-4.494085609519778,Pop3
-15.340581084715161,-22.36530376864591,0.07718685515457677,-1.9361896179055786,-1.2025284005750123,-2.001293245140966,-0.4632567350595874,-0.13189946706472758,-4.219839875818391,1.3401035838139037,Pop3
-14.468189513837208,-24.53488242312177,8.52790686387279,-11.631730444274174,-9.892110225415243,-7.844845422414897,-12.480299543565652,3.3228572505986693,7.142176253270099,-3.0062810118143983,Pop3
-14.837789956353769,-23.42259196840264,-1.7278570062873493,4.241281048274104,0.7834408100952566,-1.7002162763917357,2.696065294162346,-0.25081894542017774,-0.08114106664939373,2.430280701447884,Pop3
-15.814083661790654,-24.835632669918432,5.5704830099323175,-1.7886992472826726,1.317260810880019,-0.1949370138040724,-6.154758981594901,20.12076317519333,2.368188263449777,10.767197140681507,Pop3
-16.240357761907745,-23.90610710352967,1.7919247636037137,-1.2304727338716694,0.742931468214684,6.605894542674319,1.7109181047025006,-4.6658454801619405,7.95207721766461,5.404971779411667,Pop3
-15.971408578711301,-22.91306292342386,6.0724517750737865,-4.361970330473655,1.2581327756834289,-5.919716517759824,-10.228597939447406,-9.54410502394214,-4.421871611682993,-0.8389470297739813,Pop3
-16.73553533455847,-23.435933130927065,-0.5786175039861879,3.316568149181782,-7.535708272675974,3.6995927310225487,-11.3349811777581,-4.140686629746861,14.459407018645383,5.296552400171469,Pop3
-15.242696640763096,-23.408315363059973,-3.442373366887939,-3.154139516900633,0.7835051573115146,6.595408688914241,8.814389651889012,11.98070885531694,3.2627102141096107,-7.411087104558103,Pop3
-15.953378343675693,-23.690828092511396,6.1373389997990575,5.684137871099259,1.3051462768383488,2.1084855255626183,-2.743217360424084,-1.8317724555861725,-0.6185770542297634,-6.364330575902421,Pop3
-14.236294641148499,-24.015969653397676,-1.9048775458840004,-0.764765053261346,0.9451445614930625,-2.246121532584935,0.6466521127489825,0.22294853824726213,0.050816212983008396,2.654927037234457,Pop3
-15.823003288503667,-24.165735538439105,-0.36239017761180653,2.239791887828355,2.263096895801046,1.2846797078784538,-4.9971470223924195,3.424156425956513,5.299415005824367,-2.3116627728202936,Pop3
-15.614215434332985,-23.659981214759103,7.291240719776495,-2.732173529267629,-7.024471447727773,14.65090145101551,4.455421724132995,-6.142200382542766,0.7494377266352346,12.029285249935832,Pop3
-14.853934173098272,-23.971654750162458,-1.4290787471392423,1.7967209159375888,0.9746006126969448,1.0724097827358947,-1.138321257966544,-1.2183113011492228,-0.7116291215483485,-0.2812206164263095,Pop3
-15.866500066950614,-22.72223424243684,-0.18669850132650959,0.6743972521045111,-0.4106205062858963,0.13797560937734252,-0.3840570078539316,-1.073680885537904,0.0934675855677235,-0.6018263293920374,Pop3
-15.669591343469476,-24.36831913053529,-5.9841317666202105,2.349264647331721,2.8261087578147097,-2.1827074818090844,9.456258349341697,0.3497590480274598,-8.47988333592178,-0.8768819538433646,Pop3
-15.815522036873388,-24.563004835866447,-1.4538143886892587,1.39184656672018,-1.9628985546787094,-1.72083788695101,0.9849034670356346,-1.598533653911875,0.37452236380743237,-0.45472846734257705,Pop3
-16.150389843769723,-23.321650247133345,10.793205995919765,-3.4437571020110225,-3.6455407722471023,-6.430448647765462,1.645299059961239,5.242055520755665,3.191915164323861,-5.335590742918876,Pop3
-16.263987001207358,-22.865486519259733,-1.1277282930471795,-5.750550926057891,15.810847372574745,4.484961292819217,-1.2578975645691786,-0.7766620910506702,7.550112904950934,7.4997442391983835,Pop3
-14.699834996273768,-24.29542432377284,4.668130429211226,-5.764491652499173,-2.667508125549031,10.88183694907455,7.116727140477827,7.648042859604516,-13.094700381059436,12.915900412882905,Pop3
-16.373367188689144,-25.167648512063327,4.9468592261712,-1.6468559854846552,0.5324054002837271,10.908490598874877,-3.472321262558852,-2.5959250824346514,1.66112556936902,-15.617238102489239,Pop3
-16.120323184151125,-23.757273037032054,-5.593367283777946,3.8170081887600356,-5.031792810285599,-0.8867986561323554,-6.918454494878781,9.639691477740367,0.7128090479183281,1.565771795539787,Pop3
-14.060584715049098,-24.4521759786022,-15.599249890443243,-0.10757118166509529,5.226453853405859,-0.6247947268265172,-3.9862691588502117,4.851010220134751,8.943905930207597,8.421735655916306,Pop3
-14.529084597667614,-23.960814151101477,-0.6646959478649627,2.0426550079611343,-1.1058424051806959,-0.9565448265893265,1.1953128795632175,0.6083051090683051,3.129806697613802,1.2193363600620832,Pop3
-17.465801582374905,-23.08279487626311,2.9328274067755555,-7.9143537895805665,-5.015540582590068,0.24341615657872612,-1.3008104638512845,-2.7035145899179303,-2.536786654547199,-3.9909436721700455,Pop3
-15.787109102135013,-23.543282530843538,-10.78615613070962,-11.848800922427808,-9.596276446858106,-10.937186050789697,11.006381852541912,-2.2187233574884515,4.591373282778298,-3.017480738114048,Pop3
-16.42009286972511,-24.006973928090645,-0.9667393528014087,-3.4094924560445543,1.7250935411535582,0.8934329049895824,-0.12459004401907521,-0.24786194685750876,-0.7419612347648634,1.5963363139140383,Pop3
-15.373648468516281,-24.000710709838415,10.754438833994001,2.000841476055307,-0.06655740149065865,-2.199979026205397,-0.31242033342171177,-8.988616054881675,-7.260436653464329,-3.9513434312234432,Pop3
-16.818556493980008,-23.687926961260814,6.409045983363344,-6.598851399817857,-0.5225860959856108,-5.4776764927535595,0.8742847880126529,-3.3435310579313176,8.719822249328407,-5.4356280722909185,Pop3
-15.34008616233091,-23.499393241035357,-0.6647781025188775,0.7389474180131765,-3.7038633591639427,2.5150171928609417,3.297712663135361,-0.8767397481444793,3.0532851705533326,0.22934681487398867,Pop3
-15.967389769568845,-22.617041554513847,0.721150975381717,2.3604558770304593,-1.256100209765025,2.2876158978686654,0.7395005338562853,1.9068929156519203,-1.7490361089029103,-0.34702631106469173,Pop3
-14.981521437949313,-23.308667586698483,0.06265781183701723,-0.45585962649550765,-2.0942592953415873,-0.8940964722814202,0.9570206759771611,0.8692249118541011,-0.7179265337019187,-0.7706439238256158,Pop3
-15.720798216751152,-23.75064286991404,-1.7621862147508378,-0.23916043482794283,-2.0105757773357262,-0.33402916885072403,0.9466190396048664,-2.517502874906562,-2.583894138157095,-3.6113933598307604,Pop3
-16.461995038601987,-22.35685773455073,0.9772677403285088,1.8667801184510044,2.4224609341542997,0.7549480977484403,-3.3363428908328743,0.3312552872709576,3.2031806323950383,1.9053687763545162,Pop3
-14.470654472300094,-23.330752398280232,-0.6447449566696611,-1.183158846323019,1.3591050996884113,-0.05259432775649322,0.251037304640494,-3.247529869087134,0.7104533618406895,2.518939400323398,Pop3
-16.265960818594117,-23.54976381978235,0.5911950040946046,-0.35385369690693447,-1.0708130757247911,3.1831565143713054,-1.7504162999592363,-2.711637312302828,2.6260642056225536,1.3373533444127108,Pop3
-15.137001250438171,-23.21590595807339,-1.9639404666766265,2.249615049467024,-1.1638244271390596,0.2114602767216283,0.9758030367885896,-2.071089195025859,0.591321553726648,-1.1697378268152212,Pop3
-14.654120659076398,-23.642827440894585,0.5457995319192835,-1.9574270128995976,2.274828099953637,-2.5292309186491417,-1.8241889046054334,3.710581017202913,-0.9634033674052311,-0.5065716150963305,Pop3
-16.085505127171004,-23.637167225930874,-0.7547519414772644,0.9663077809042232,-1.9080640731207497,-0.3554039215514173,1.9610663131390598,1.7047062702129945,0.6458634281662369,3.4856607973748908,Pop3
-14.79619048820506,-22.79980103645763,-0.7676591611247172,-3.618947597864647,-2.5467266973873253,-2.743319931144373,1.1211565707089073,-1.8001729221645673,0.36337063359670685,-2.1157230897115786,Pop3
-15.15400944952921,-24.382891322690824,-0.9012627469192271,0.8623568604089771,0.23447449406510254,-1.7674800569803217,-1.3857266827975772,-1.4246477388451848,-0.4528770681542649,-1.3486869323267257,Pop3
-15.790880068850589,-24.184212205835976,0.5830559916687047,-0.6386190267728273,-0.8529093047426186,-0.7933148008334975,-1.6918767973287414,1.8303169207016308,0.48421139942987435,-1.3912626924125628,Pop3
-14.621520342681327,-24.223661385132054,0.6770793164898948,0.3930079312468453,3.104321674756241,-2.0952199941575365,-0.13149690772733955,-0.6673953866882202,-1.6417015712638667,-1.5382818664809275,Pop3
-15.581440501331866,-23.1930774082773,0.9887646036177176,-0.6667189334009391,0.5562120962543788,-3.6827368112616736,0.031134169530063194,1.1063968264955626,-2.3063779326601264,-0.554209632755309,Pop3
-14.330406048532565,-24.58391961679496,-0.7986769099005322,0.7395292892369327,-1.6245685347233743,-0.7719985798599728,-1.8811656617901922,-0.509500951144695,-0.14566147197908075,0.38050848463331444,Pop3
-15.277975851165145,-24.14651708895171,0.518466600598265,-0.4694839593711046,-1.7442969774179595,2.39167333219507,-0.024918745356875608,0.1131549029898492,0.4211357775000026,1.579017889031297,Pop3
-15.691838222523238,-23.598817216365465,1.4668987240596647,0.48307224430605206,2.018825963953435,-1.144053823207613,-2.3654628299012406,-0.6330328034816903,0.6578364953564828,-0.18467795977849186,Pop3
-16.245517964629208,-22.613876770956136,1.565513333597321,-1.0109948569538596,-0.00547988928858847,1.6056864214886253,0.9101862297015396,1.8553173158662235,-0.8621558412086798,-3.2850930124998756,Pop3
-15.835396710103081,-23.03033615355797,-1.9208556762856068,1.3329421523773899,-0.4610097638097838,-2.303583613934665,-2.0827286029125216,-1.8698837109451878,0.7716672358489172,1.5617295612418758,Pop3
-16.68119687368398,-23.60092517445265,-2.7145324671515256,-1.7710190336401717,2.057884767071393,1.4135262132812298,-0.5494097558542473,0.8159329583495675,0.6242466311611091,2.152245425449245,Pop3
-14.948354707851253,-23.72568075873631,-0.9967221335368517,-1.9411057168619645,-0.7569149578120026,0.3538792725640816,-2.384909051307178,-0.36048184691171037,0.5027623471285302,-2.1169315318165594,Pop3
-15.316479597793633,-23.217587735325328,1.6119064272682824,-0.8105993023434388,0.05544463653518207,-0.5604344243366428,2.4811443471004537,0.011510023088694908,-0.16183376678057954,1.4729091918707127,Pop3
-16.483257049826356,-22.49421554883806,-2.539251073664514,-0.46666829522102815,-1.7117816599584128,1.3920396210668868,0.026568007405466647,1.1906973789202449,0.40036297407409976,-0.8956461601450403,Pop3
-15.5364678029171,-23.282421340835125,-0.2656771861997747,1.3387392235237008,-0.027035952584415164,-2.7039469966708864,1.3711306226433218,-0.7191262990587951,-4.461063074626736,1.3965178103161107,Pop3
-16.160310938166347,-23.230899891114476,-3.8345445435372043,0.0012460524543179048,-0.2210379466343713,2.7558077171408013,0.27528811203535397,3.3063034975358288,-1.7172785093146765,0.02256568884233445,Pop3
-16.494911501781214,-23.666145387244114,0.19022680633095337,-1.6309861466843647,1.1094958866835798,1.8903653788163866,-1.7739938283056846,-1.987968584924363,-0.769706964655385,-0.4009434421387487,Pop3
-14.072428010419268,-22.53578171260537,0.1333711894436398,-1.2226280884868372,1.3925330178562285,-1.690384818588096,0.3874984623982553,-2.0013266013283313,1.5523554853711334,0.6160772042736058,Pop3
-14.81281554275955,-23.833814864544742,0.4267506333323984,-3.7665142542061183,3.6350476556835702,0.8437522585604539,0.829924928287475,0.20348911849509843,-1.1594993861569938,0.784592719022144,Pop3
-16.44492234970749,-22.997666839603603,-1.726317480224088,2.551009809573906,-1.9594834966287467,-0.9799123098307632,0.2626008671678835,1.3490176728915604,0.2001301555259412,0.16634279468995125,Pop3
-15.311125169385994,-23.23081228000292,1.2664478377037613,0.98330644484177,-1.6938822623765517,-4.056899888666428,-2.8287455615712602,0.976519997924336,-2.4396462472811993,-0.37429924847664753,Pop3
-15.977682608992533,-23.885010167677997,0.18551214004339436,0.2927617610414478,-3.16375840184516,1.2772971287130892,1.5658545950803282,-0.8685731075814458,-0.04142416974089467,-1.6765085619853979,Pop3
-15.25249422456246,-22.267372116506014,1.537270364607944,0.20625133753093705,2.286585472740264,-0.6775090224658267,2.230231103743517,0.3177722449756135,-2.0218719542706816,-0.189825318412388,Pop3
-14.875649573246264,-23.100888298174386,-2.3901049851567477,-0.14245754283321685,0.12686750222404228,-2.416909459120808,-2.046069364161573,2.4071612823286626,-1.1074126308326202,0.43320063241045115,Pop3
-15.020597479388302,-24.20302793066827,-0.3358872472941855,-0.68429225144862,0.3852391544561149,2.6502780729890647,-1.1634434742477069,-2.5875765565887545,0.8255607174735416,1.777397145035384,Pop3
-15.344722308655356,-23.143913592171184,-1.5748071365897351,0.9702318169546931,2.7745207427615686,1.1005216124427852,1.4265109801842957,-0.784932975713392,-1.0867721671216632,0.9677192632240936,Pop3
-15.82183725980998,-23.987608975978905,3.4632719001943673,0.9149033228154649,-0.31400293607893026,2.421819594470172,0.06364673541217845,-0.8127811592870225,-0.6481546098947685,-1.9811614626394143,Pop3
-16.156898145049365,-23.41910945942929,-0.40729587217989227,3.1847468816281768,2.968469318943388,-1.8647615541516882,0.21653488423189748,0.23036121613289529,-0.8969431304505954,-1.6799676784327955,Pop3
-15.663214991177364,-23.499297351157608,-1.6232482377368773,1.153206186435211,-0.1866240443425594,-1.2387259161321107,0.646653722085022,-3.6232809383346822,-4.192853804460026,1.3877434576776495,Pop3
-15.888317656524395,-23.812244224465584,-2.0639876361394545,0.31865526060931804,-0.5563877492035612,-2.936976727478378,-0.28449988064374476,2.064902320403088,-0.2776850594678174,-1.6045566171218706,Pop3
