chr,rs,ps,p_lrt,beta
1,rs1_0,0,0.3377115668437789,0.04352353411908561
1,rs1_1,100000,0.8556921614625147,-0.14950367523293373
1,rs1_2,200000,0.6590625536884532,0.04588038826775115
1,rs1_3,300000,0.5391939772931359,-0.9937844573004464
1,rs1_4,400000,0.14126075775775043,-0.10983594391875597
1,rs1_5,500000,0.14123907378224618,0.1785562857558732
1,rs1_6,600000,0.053217167339211315,0.738947022370758
1,rs1_7,700000,0.7796923550516668,-0.2591351091368237
1,rs1_8,800000,0.5414023955571448,-0.4042468014465938
1,rs1_9,900000,0.637557247438645,-0.25087852179226827
1,rs1_10,1000000,0.0195054603719264,0.45770105885103707
1,rs1_11,1100000,0.872948957093633,0.16437555482984223
1,rs1_12,1200000,0.7493659340795792,-0.2648801018835194
1,rs1_13,1300000,0.19189286049977028,0.25663371655667805
1,rs1_14,1400000,0.16446064551918346,0.048538774674020194
1,rs1_15,1500000,0.165880654358237,0.4843224952664446
1,rs1_16,1600000,0.2745137764206244,-0.3510265469386762
1,rs1_17,1700000,0.4727560320373818,-0.1638310732988841
1,rs1_18,1800000,0.3893185717592621,-0.19605407656607882
1,rs1_19,1900000,0.2628149970380397,-0.7317574740660593
2,rs2_0,0,0.5510557523554191,0.14806013853228803
2,rs2_1,100000,0.1264049807261856,0.13052763608994467
2,rs2_2,200000,0.26363803903316113,0.002556728321230445
2,rs2_3,300000,0.33035929712102885,-0.11729356668757346
2,rs2_4,400000,0.4110069158111153,-0.7076853710252071
2,rs2_5,500000,1e-08,-0.21032266138267952
2,rs2_6,600000,0.18050673016036542,-0.17135725826338474
2,rs2_7,700000,0.46329676013383686,-0.40113863461080945
2,rs2_8,800000,0.5335806974069762,-0.08064285583300457
2,rs2_9,900000,0.04275892103527796,0.2020254284072692
2,rs2_10,1000000,0.5471828218593932,0.9430929506052651
2,rs2_11,1100000,0.1543011871948751,0.08728890641591948
2,rs2_12,1200000,0.059481382093766286,0.12877519536138218
2,rs2_13,1300000,0.8540480979907467,-0.03722295788308361
2,rs2_14,1400000,0.8691031977340289,-0.9593856076495207
2,rs2_15,1500000,0.7277492159566986,-0.013256937724608439
2,rs2_16,1600000,0.27484777848686026,0.03011510497051322
2,rs2_17,1700000,0.08880723049173911,1.231621056242643
2,rs2_18,1800000,0.616125490834429,-0.09618048239056126
2,rs2_19,1900000,0.3966970918719016,0.15077367116680623
3,rs3_0,0,0.11071237312545616,-0.017355884852621656
3,rs3_1,100000,0.4461640421900319,-0.584339018809766
3,rs3_2,200000,0.03191528048258134,0.5714114072575103
3,rs3_3,300000,0.8184790414688251,0.37596651634338707
3,rs3_4,400000,0.23364320345841522,0.39551597352152346
3,rs3_5,500000,0.5966075336342298,-0.45469372739736946
3,rs3_6,600000,0.28122825740438046,0.7013971554680496
3,rs3_7,700000,0.4685411510388519,-0.7009255313961404
3,rs3_8,800000,0.49249254112960844,0.29342854690013515
3,rs3_9,900000,0.1671841555174488,1.0952278129049893
3,rs3_10,1000000,0.8726565803603382,-0.49526816256534417
3,rs3_11,1100000,0.697844408201642,-0.28314886480138596
3,rs3_12,1200000,0.8456095484662061,0.04982568254382061
3,rs3_13,1300000,0.8054497880344563,-0.2517378270580996
3,rs3_14,1400000,0.5385120809511655,-0.7753317155330663
3,rs3_15,1500000,0.829764937285782,0.034281487403013663
3,rs3_16,1600000,0.08055475934467562,-0.5311518568630524
3,rs3_17,1700000,0.17718859331481154,0.2367962153175908
3,rs3_18,1800000,0.04165933273057372,-0.4597121171169016
3,rs3_19,1900000,0.29347196735617465,0.7749672025087697
4,rs4_0,0,5e-10,-0.39162664616811854
4,rs4_1,100000,0.24494277956473243,-0.1610307581028378
4,rs4_2,200000,0.7460350207275845,0.4067586086848349
4,rs4_3,300000,0.32172124069753677,-0.6154321582169776
4,rs4_4,400000,0.2535601242089553,0.11372996730206471
4,rs4_5,500000,0.48888377875926536,0.653571377141214
4,rs4_6,600000,0.12769087825231162,-0.8037416172806138
4,rs4_7,700000,0.7221750856978817,0.0923169292661521
4,rs4_8,800000,0.06802102866811398,0.12994139712421177
4,rs4_9,900000,0.888211356003865,0.3909114358886552
4,rs4_10,1000000,0.695248047597695,-0.618475355439041
4,rs4_11,1100000,0.179645397699221,-0.6602283065421382
4,rs4_12,1200000,0.005964383294118557,0.2609707828084488
4,rs4_13,1300000,0.7340998241808959,0.14849233661659303
4,rs4_14,1400000,0.6364647521190078,0.12524642517293827
4,rs4_15,1500000,0.6563774440688476,0.17322410474848784
4,rs4_16,1600000,0.6943720416706652,-0.3400123607892454
4,rs4_17,1700000,0.06756614190894723,0.11612684858050178
4,rs4_18,1800000,0.3232606899613011,0.14653623664934062
4,rs4_19,1900000,0.10516628451309161,-0.3571757090131839
5,rs5_0,0,0.7769299798621586,0.9328872555723783
5,rs5_1,100000,0.5613450160179746,0.23691646045589376
5,rs5_2,200000,0.2984773243425316,-0.5956517486013243
5,rs5_3,300000,0.05813895690713525,0.32827680431691486
5,rs5_4,400000,0.2805731072223803,-0.4873408351136607
5,rs5_5,500000,0.2933398065020456,0.393542301871226
5,rs5_6,600000,0.6569159543259196,0.579297789503702
5,rs5_7,700000,0.5741641667483366,-0.41034115917585523
5,rs5_8,800000,0.7986042555761176,0.4816880646221609
5,rs5_9,900000,0.4255212177205924,0.20639046346824916
5,rs5_10,1000000,0.10851522709853323,0.411030079997245
5,rs5_11,1100000,0.6422070637134725,0.9483964913269737
5,rs5_12,1200000,0.6849457587065908,-0.12269405800143525
5,rs5_13,1300000,0.5055882006149771,-0.3768680821787448
5,rs5_14,1400000,0.6940994947791503,-0.44475721481276165
5,rs5_15,1500000,0.4449222411315873,-0.40790514248271914
5,rs5_16,1600000,0.4709368136144127,-0.0385508547070521
5,rs5_17,1700000,0.38535937550433613,0.17057598740832194
5,rs5_18,1800000,0.023851794942941575,0.13834539966500953
5,rs5_19,1900000,0.09799439286698071,0.4135916245180119
