SNP,Chromosome,Position_Mb,P_value,Effect,In_QTL
rs0,Chr1,5.35,0.010770978182604186,0.0,False
rs1,Chr1,12.58,0.9922894436983053,0.0,False
rs2,Chr1,7.74,1.1485447552493745e-07,0.11165316048828089,True
rs3,Chr1,5.93,0.016995642167520232,0.0,False
rs4,Chr1,6.03,0.0328318007910016,0.0,False
rs5,Chr1,7.05,0.5295269136558053,0.0,False
rs6,Chr1,6.9,0.40586236199810294,0.0,False
rs7,Chr1,8.3,0.004233257576118505,0.47375551884145917,True
rs8,Chr1,8.45,0.0001373501938046147,-0.4093935654671792,True
rs9,Chr1,8.2,1.1295668159592035e-07,-0.11753800873283726,True
rs10,Chr1,33.71,0.0001421835636355674,-0.2589745339739883,True
rs11,Chr1,34.53,3.418942913549344e-08,0.10999665778262091,True
rs12,Chr1,34.66,0.8348629626188027,0.0,False
rs13,Chr1,35.56,0.18163100697269438,0.0,False
rs14,Chr1,33.13,7.439009946874089e-06,-0.31776391221193767,True
rs15,Chr1,33.7,9.0595936240856e-09,-0.0748441255087553,True
rs16,Chr1,33.97,0.0002170034792701028,0.06770032781999147,True
rs17,Chr1,35.2,0.041000159531003,0.0,False
rs18,Chr1,33.46,1.826929561840767e-09,-0.05024586663023434,True
rs19,Chr1,33.69,6.899190105429004e-06,0.4266588657937942,True
rs20,Chr2,0.1,0.08380513724297312,0.0,False
rs21,Chr2,0.33,0.9870180672345121,0.0,False
rs22,Chr2,0.8,0.7745223216036908,0.0,False
rs23,Chr2,3.52,0.2067285247188307,0.0,False
rs24,Chr2,2.24,0.009032813906415292,0.31546142845483416,True
rs25,Chr2,0.1,0.7097887704091409,0.0,False
rs26,Chr2,2.21,1.4721181108374396e-08,0.27127034668594574,True
rs27,Chr2,2.49,2.5034183068247896e-05,0.22960617833806407,True
rs28,Chr2,2.81,7.93487754984959e-08,0.38721274257632654,True
rs29,Chr2,2.06,0.4774927759103298,0.0,False
rs30,Chr2,0.47,0.12839830347891867,0.0,False
rs31,Chr2,5.15,0.716112339350765,0.0,False
rs32,Chr2,2.86,8.198220804069061e-09,0.06127719756949623,True
rs33,Chr2,2.44,0.7732575081550154,0.0,False
rs34,Chr2,13.09,0.25679930685738617,0.0,False
rs35,Chr2,5.38,0.41627909380527345,0.0,False
rs36,Chr2,6.32,9.027986306085467e-09,-0.27120183450837754,True
rs37,Chr2,6.93,0.0024219251739713656,-0.21024854708623197,True
rs38,Chr2,4.49,0.1696090743814644,0.0,False
rs39,Chr2,8.91,0.9304006758191473,0.0,False
rs40,Chr2,8.66,0.8100391757687728,0.0,False
rs41,Chr2,11.71,3.4711929789210954e-09,0.39609129992349323,True
rs42,Chr2,13.32,0.32482344022214527,0.0,False
rs43,Chr2,12.27,0.001316996448386392,-0.2720648374580583,True
rs44,Chr2,10.73,0.43283671073999375,0.0,False
rs45,Chr2,12.6,0.8198346182632682,0.0,False
rs46,Chr2,11.85,1.3006346923866662e-09,-0.4930478694688093,True
rs47,Chr2,13.42,0.5156398295517901,0.0,False
rs48,Chr3,4.09,5.263517182176417e-05,-0.4631130526454672,True
rs49,Chr3,5.13,0.6134686906400979,0.0,False
rs50,Chr3,7.84,0.5076522329965728,0.0,False
rs51,Chr3,4.71,0.003874092535995438,-0.22135353576338856,True
rs52,Chr3,4.86,5.418423077117887e-10,-0.2604381093330276,True
rs53,Chr3,4.25,0.000693172018788734,-0.010547239722436985,True
rs54,Chr3,0.88,0.9857939495694947,0.0,False
rs55,Chr3,8.08,8.7408437163552e-08,0.1335297107608947,True
rs56,Chr3,9.53,0.5404169372340109,0.0,False
rs57,Chr3,6.03,0.09938687235386422,0.0,False
rs58,Chr3,6.71,0.8369494706333456,0.0,False
rs59,Chr3,9.54,0.32757226432201847,0.0,False
rs60,Chr3,6.66,0.1946533252958557,0.0,False
rs61,Chr3,10.66,0.050367390139216275,0.0,False
rs62,Chr3,15.48,0.39286799283753204,0.0,False
rs63,Chr3,13.96,0.9373626888493671,0.0,False
rs64,Chr3,12.37,0.0007940218376892872,-0.1589336489497415,True
rs65,Chr3,11.69,0.0012365504222209677,0.4246936182785628,True
rs66,Chr3,13.54,0.8785659598471712,0.0,False
rs67,Chr3,10.12,0.26536221143800404,0.0,False
rs68,Chr3,13.34,0.6633842055738373,0.0,False
rs69,Chr4,7.57,0.9739271983877641,0.0,False
rs70,Chr4,10.94,0.29108176499009103,0.0,False
rs71,Chr4,9.45,3.606526413654145e-05,-0.014386246413773396,True
rs72,Chr4,8.12,0.45393990155638486,0.0,False
rs73,Chr4,7.69,0.9945128879847125,0.0,False
rs74,Chr4,10.62,0.18416600015057194,0.0,False
rs75,Chr4,10.01,0.02789460997936566,0.0,False
rs76,Chr4,8.68,1.119052027780411e-06,-0.3211772907786712,True
rs77,Chr4,11.06,0.3728040967370313,0.0,False
rs78,Chr4,10.68,0.7467288178259966,0.0,False
rs79,Chr4,12.33,0.723730525009608,0.0,False
rs80,Chr4,10.18,0.31498018393386534,0.0,False
rs81,Chr4,17.9,1.2208420498886383e-09,-0.2698147317584447,True
rs82,Chr4,19.3,0.5042014460859048,0.0,False
rs83,Chr4,23.57,0.5762841572170913,0.0,False
rs84,Chr4,15.86,0.7708684741632459,0.0,False
rs85,Chr4,19.45,0.053167734036889416,0.0,False
rs86,Chr4,18.74,1.1055946121905223e-10,-0.030055486009057053,True
rs87,Chr4,18.29,5.801192350368029e-05,0.38349402226625895,True
rs88,Chr4,19.79,0.7502415861584398,0.0,False
rs89,Chr4,18.13,2.373696687908313e-10,-0.1692496953294863,True
rs90,Chr4,14.78,0.557237317167135,0.0,False
rs91,Chr4,16.69,0.5765695444791299,0.0,False
rs92,Chr4,20.59,0.9805282678788853,0.0,False
rs93,Chr5,7.59,0.2616220125790414,0.0,False
rs94,Chr5,3.76,0.30233768253474935,0.0,False
rs95,Chr5,3.34,0.32932525659621453,0.0,False
rs96,Chr5,4.06,0.8501830969754277,0.0,False
rs97,Chr5,10.27,0.4255830478818137,0.0,False
rs98,Chr5,8.8,0.2636448741585135,0.0,False
rs99,Chr5,7.05,0.6153985737570237,0.0,False
rs100,Chr5,5.42,0.09077823859623795,0.0,False
rs101,Chr5,10.0,0.6753058739422474,0.0,False
rs102,Chr5,8.45,0.3348711407999846,0.0,False
rs103,Chr5,9.1,0.0005749989692621522,0.48184088831053107,True
rs104,Chr5,6.92,0.8405441670486697,0.0,False
rs105,Chr5,17.79,0.8295903137497128,0.0,False
rs106,Chr5,14.13,0.27882748666154444,0.0,False
rs107,Chr5,15.66,0.9655993120868621,0.0,False
rs108,Chr5,11.73,0.46269250999759126,0.0,False
